Дата и время;N2;N1;P2;T1;N3;Qtg;V1;VoГГ;3.77F2;Fтк4;3F2;Tк.з.;Lm1;T638;V2;ТРК;dPfgo;dPf2;dPf1;T607;T606;T600;Рс2;Рс1;Fc2;F2;3F1;Fc3;F1;Pm;P615;2F2;Fкпа;Fцс;Fc4;2F1;T4ср
05.01.2021 07:00:00;11927;9259;15,42;-3,7;4950;4836;3,64;7,92;0,54;0,17;0,4;29,3;831,26;87;4,96;44,92;0,89;0,193;0,058;41,2;113,2;79,5;0,17;0,1;0,34;1,46;0,65;0,13;1,42;3,21;1,12;0,36;0,5;0,15;0,14;1,08;707,1
05.01.2021 07:01:00;11927;9259;15,42;-3,7;4950;4836;3,64;8,86;0,7;0,24;0,47;29,4;831,26;86,9;4,86;44,92;0,89;0,193;0,058;41,2;113,2;79,5;0,19;0,11;0,25;1,13;0,31;0,17;1,79;3,21;1,2;0,35;0,82;0,11;0,27;1,17;707,1
05.01.2021 07:02:00;11922;9251;15,39;-3,7;4949;4828;3,6;8,86;0,7;0,24;0,47;29,4;831,26;86,9;4,86;44,91;1,164;0,213;0,057;41,2;113,1;79,5;0,19;0,11;0,25;1,13;0,31;0,17;1,79;3,2;1,2;0,35;0,82;0,11;0,27;1,17;706,9
05.01.2021 07:03:00;11927;9259;15,39;-3,6;4960;4825;3,67;8,56;0,72;0,26;0,45;29,3;831,26;86,9;4,91;44,91;1,096;0,214;0,053;41,1;113,2;79,5;0,17;0,11;0,29;1,14;0,35;0,13;1,94;3,2;1,12;0,36;0,83;0,11;0,25;1,18;707,2
05.01.2021 07:04:00;11928;9265;15,42;-3,6;4958;4829;3,72;8,7;0,54;0,38;0,47;29,3;831,26;87;4,93;44,91;0,993;0,218;0,052;41,2;113,2;79,5;0,18;0,1;0,3;1,13;0,32;0,14;1,82;3,2;1,11;0,38;0,8;0,12;0,17;1,16;707,8
05.01.2021 07:05:00;11928;9259;15,43;-3,6;4961;4833;3,71;9,65;0,99;0,36;0,44;29,3;831,26;87;4,87;44,84;0,479;0,222;0,049;41,2;113,2;79,5;0,17;0,11;0,28;1,06;0,36;0,15;1,79;3,2;1,14;0,36;0,78;0,14;0,25;1,15;707,7
05.01.2021 07:06:00;11927;9262;15,43;-3,5;4956;4826;3,72;8,28;0,68;0,3;0,45;29,3;831,26;87;4,87;44,91;0,89;0,237;0,057;41,2;113,3;79,5;0,18;0,11;0,38;1,12;0,37;0,14;1,86;3,17;1,18;0,32;0,85;0,15;0,17;1,2;707,3
05.01.2021 07:07:00;11929;9260;15,42;-3,6;4953;4825;3,65;9,95;0,6;0,42;0,42;29,4;831,26;87;4,85;44,92;1,13;0,209;0,054;41,2;113,2;79,5;0,18;0,11;0,3;1,07;0,42;0,15;1,84;3,2;1,16;0,31;0,97;0,12;0,3;1,16;707,5
05.01.2021 07:08:00;11928;9262;15,43;-3,6;4956;4826;3,72;9,26;0,49;0,53;0,36;29,5;831,26;87;4,86;44,87;0,719;0,232;0,054;41,2;113,3;79,5;0,17;0,1;0,25;1,02;0,33;0,12;1,84;3,2;1,09;0,33;0,88;0,1;0,22;1,19;707,2
05.01.2021 07:09:00;11925;9257;15,41;-3,7;4948;4834;3,65;8,5;0,66;0,37;0,46;29,3;831,26;87;4,88;44,87;0,651;0,211;0,053;41,2;113,3;79,5;0,18;0,11;0,25;1,06;0,32;0,12;1,84;3,18;1,13;0,35;0,88;0,09;0,27;1,11;707,2
05.01.2021 07:10:00;11924;9254;15,39;-3,6;4952;4824;3,71;8,29;0,56;0,42;0,47;29,7;831,26;87;4,89;44,87;0,959;0,204;0,052;41,2;113,3;79,5;0,18;0,1;0,29;0,99;0,35;0,12;1,88;3,22;1,12;0,34;0,88;0,11;0,26;1,18;706,9
05.01.2021 07:11:00;11930;9262;15,42;-3,4;4949;4829;3,94;9,83;0,69;0,41;0,47;29;831,26;87;4,93;44,86;0,651;0,231;0,056;41,2;113,2;79,5;0,17;0,1;0,34;1,09;0,34;0,14;1,9;3,21;1,18;0,41;0,85;0,11;0,19;1,1;707,8
05.01.2021 07:12:00;11928;9258;15,38;-3,6;4950;4830;3,72;8,91;0,65;0,27;0,46;29,6;831,26;87;4,87;44,92;0,89;0,202;0,056;41,2;113,3;79,5;0,18;0,1;0,32;1,04;0,38;0,1;1,88;3,22;1,19;0,38;0,85;0,11;0,2;1,15;707,6
05.01.2021 07:13:00;11932;9268;15,42;-3,6;4954;4838;3,67;8,75;0,6;0,29;0,4;29,6;831,26;87,1;4,85;44,92;1,027;0,203;0,053;41,2;113,3;79,5;0,18;0,11;0,24;1;0,31;0,15;1,82;3,21;1,12;0,29;0,86;0,14;0,2;1,16;707,7
05.01.2021 07:14:00;11932;9264;15,43;-3,6;4959;4837;3,49;8,25;0,44;0,3;0,46;29,3;831,26;87;4,86;44,92;0,719;0,226;0,052;41,2;113,3;79,5;0,19;0,1;0,21;1,01;0,36;0,14;1,73;3,24;1,16;0,38;1,02;0,1;0,22;1,12;707,3
05.01.2021 07:15:00;11926;9263;15,44;-3,6;4955;4834;3,61;7,9;0,56;0,22;0,48;29,9;831,26;87,1;4,83;44,91;0,856;0,212;0,055;41,2;113,2;79,5;0,17;0,11;0,16;0,88;0,32;0,14;1,86;3,18;1,19;0,33;0,93;0,1;0,18;1,16;707
05.01.2021 07:16:00;11927;9258;15,41;-3,5;4953;4842;3,56;8,3;0,64;0,37;0,43;29,6;831,26;87,1;4,89;44,97;0,685;0,226;0,054;41,2;113,3;79,5;0,18;0,1;0,18;0,97;0,34;0,1;1,75;3,22;1,14;0,35;1;0,15;0,22;1,06;707,2
05.01.2021 07:17:00;11927;9259;15,42;-3,6;4944;4831;3,52;8,73;0,5;0,43;0,47;30,3;831,26;87,1;4,83;44,92;1,027;0,226;0,045;41,2;113,4;79,5;0,18;0,11;0,25;0,95;0,36;0,13;1,87;3,19;1,1;0,4;0,95;0,12;0,23;1,15;707,3
05.01.2021 07:18:00;11927;9260;15,43;-3,6;4944;4827;3,57;8,2;0,74;0,4;0,46;29,7;831,26;87,1;4,9;44,85;1,13;0,193;0,054;41,2;113,2;79,5;0,18;0,1;0,36;0,97;0,29;0,15;1,86;3,19;1,17;0,4;0,82;0,07;0,13;1,16;707,3
05.01.2021 07:19:00;11926;9259;15,39;-3,6;4955;4829;3,54;8,02;0,58;0,39;0,44;30,2;831,26;87;4,89;44,91;1,096;0,212;0,053;41,2;113,1;79,5;0,17;0,1;0,27;0,9;0,38;0,09;1,85;3,2;1,14;0,37;0,82;0,14;0,27;1,09;707,3
05.01.2021 07:20:00;11928;9264;15,41;-3,7;4960;4826;3,58;8,63;0,71;0,21;0,51;30,2;831,26;87;4,88;44,86;0,582;0,209;0,056;41,2;113,2;79,5;0,17;0,1;0,23;0,93;0,37;0,08;1,82;3,22;1,08;0,34;0,86;0,11;0,16;1,12;707,5
05.01.2021 07:21:00;11928;9259;15,42;-3,7;4955;4829;3,58;8,33;0,66;0,31;0,47;29,9;831,26;87;4,86;44,87;0,651;0,207;0,052;41,2;113,2;79,5;0,18;0,11;0,15;1,03;0,38;0,09;1,97;3,2;1,16;0,38;0,79;0,07;0,17;1,09;707,5
05.01.2021 07:22:00;11929;9262;15,42;-3,5;4953;4836;3,53;8,52;0,54;0,4;0,51;29,6;831,26;87;4,9;44,87;1,164;0,186;0,052;41,2;113,2;79,5;0,17;0,1;0,42;0,91;0,37;0,13;1,92;3,2;1,13;0,38;0,8;0,18;0,19;1,15;707,5
05.01.2021 07:23:00;11929;9261;15,41;-3,6;4952;4824;3,66;8,88;0,73;0,31;0,51;29,8;831,26;87;4,85;44,85;0,548;0,239;0,052;41,2;113,2;79,5;0,18;0,1;0,48;0,98;0,37;0,15;1,75;3,23;1,13;0,42;0,83;0,12;0,23;1,19;707,5
05.01.2021 07:24:00;11926;9257;15,38;-3,6;4947;4828;3,56;8,66;0,51;0,33;0,45;29,7;831,26;87;4,81;44,84;1,13;0,207;0,057;41,2;113,2;79,5;0,17;0,11;0,22;0,94;0,37;0,12;1,84;3,2;1,16;0,31;0,78;0,14;0,23;1,09;707,4
05.01.2021 07:25:00;11926;9258;15,43;-3,6;4956;4831;3,53;8,7;0,69;0,28;0,45;29,3;831,26;87;4,9;44,84;1,027;0,198;0,05;41,2;113,2;79,5;0,18;0,11;0,28;0,93;0,37;0,16;1,84;3,23;1,16;0,31;0,96;0,1;0,2;1,19;707,2
05.01.2021 07:26:00;11926;9258;15,41;-3,6;4943;4824;3,7;8,35;0,82;0,26;0,46;29,4;831,26;87;4,88;44,84;1,164;0,209;0,06;41,2;113,2;79,5;0,17;0,11;0,37;1,01;0,33;0,16;1,74;3,21;1,09;0,36;0,84;0,12;0,14;1,14;707,3
05.01.2021 07:27:00;11924;9257;15,4;-3,5;4963;4833;3,59;8,24;0,65;0,4;0,41;29,5;831,26;87;4,84;44,84;0,993;0,203;0,056;41,2;113,2;79,5;0,17;0,1;0,19;1,15;0,31;0,07;1,76;3,2;1,12;0,39;0,89;0,09;0,3;1,13;706,9
05.01.2021 07:28:00;11924;9257;15,4;-3,5;4963;4833;3,59;8,24;0,65;0,4;0,41;29,5;831,26;87;4,84;44,84;0,993;0,203;0,056;41,2;113,2;79,5;0,17;0,1;0,19;1,15;0,31;0,07;1,76;3,2;1,12;0,39;0,89;0,09;0,3;1,13;706,9
05.01.2021 07:29:00;11924;9257;15,4;-3,5;4963;4833;3,59;8,24;0,65;0,4;0,41;29,5;831,26;87;4,84;44,84;0,993;0,203;0,056;41,2;113,2;79,5;0,17;0,1;0,19;1,15;0,31;0,07;1,76;3,2;1,12;0,39;0,89;0,09;0,3;1,13;706,9
05.01.2021 07:30:00;11924;9257;15,4;-3,5;4963;4833;3,59;8,24;0,65;0,4;0,41;29,5;831,26;87;4,84;44,84;0,993;0,203;0,056;41,2;113,2;79,5;0,17;0,1;0,19;1,15;0,31;0,07;1,76;3,2;1,12;0,39;0,89;0,09;0,3;1,13;706,9
05.01.2021 07:31:00;11924;9257;15,4;-3,5;4963;4833;3,59;8,24;0,65;0,4;0,41;29,5;831,26;87;4,84;44,84;0,993;0,203;0,056;41,2;113,2;79,5;0,17;0,1;0,19;1,15;0,31;0,07;1,76;3,2;1,12;0,39;0,89;0,09;0,3;1,13;706,9
05.01.2021 07:32:00;11927;9262;15,39;-3,6;4951;4829;3,68;8,57;0,61;0,2;0,57;29,3;831,26;87;4,84;44,84;1,301;0,22;0,047;41,2;113,3;79,5;0,19;0,11;0,24;1,07;0,38;0,14;1,86;3,21;1,16;0,34;0,8;0,1;0,22;1,13;707,4
05.01.2021 07:33:00;11926;9259;15,42;-3,6;4945;4832;3,49;8,64;0,46;0,34;0,47;29,3;831,26;87;4,91;44,84;1,027;0,206;0,054;41,2;113,2;79,5;0,18;0,11;0,19;1;0,4;0,14;1,82;3,21;1,14;0,37;0,93;0,12;0,15;1,15;707,6
05.01.2021 07:34:00;11926;9259;15,41;-3,7;4948;4829;3,55;8,06;0,67;0,2;0,45;29,3;831,26;87;4,83;44,84;1,301;0,22;0,053;41,2;113;79,5;0,18;0,1;0,26;1,08;0,33;0,13;1,76;3,19;1,08;0,35;0,82;0,1;0,15;1,12;707,1
05.01.2021 07:35:00;11927;9261;15,42;-3,6;4955;4829;3,52;8,03;0,74;0,36;0,44;30,1;831,26;87;4,9;44,85;1,13;0,224;0,053;41,2;113,1;79,5;0,17;0,11;0,23;1,01;0,37;0,1;1,82;3,21;1,12;0,39;0,75;0,14;0,14;1,17;707,1
05.01.2021 07:36:00;11930;9260;15,39;-3,4;4961;4830;3,64;8,99;0,55;0,31;0,46;29,7;831,26;87;4,9;44,84;0,959;0,21;0,057;41,2;113,2;79,5;0,17;0,11;0,29;1,11;0,34;0,11;1,89;3,2;1,13;0,4;0,85;0,15;0,24;1,18;707,5
05.01.2021 07:37:00;11928;9260;15,42;-3,6;4958;4830;3,62;8,7;0,57;0,37;0,45;29,6;831,26;87;4,84;44,84;0,856;0,224;0,055;41,1;113,3;79,5;0,17;0,1;0,34;1,14;0,37;0,09;1,71;3,22;1,12;0,39;0,88;0,16;0,26;1,1;707,3
05.01.2021 07:38:00;11926;9254;15,42;-3,4;4951;4826;3,6;8,51;0,75;0,27;0,48;29,6;831,26;87;4,86;44,77;0,959;0,206;0,057;41,2;113,2;79,5;0,17;0,1;0,23;1,14;0,38;0,08;1,79;3,21;1,14;0,36;0,93;0,13;0,15;1,18;707,2
05.01.2021 07:39:00;11926;9256;15,41;-3,6;4949;4826;3,6;8,4;0,61;0,34;0,53;29,5;831,26;87;4,89;44,72;0,89;0,194;0,058;41,1;113,2;79,5;0,17;0,11;0,19;1,11;0,3;0,14;1,88;3,2;1,08;0,36;0,85;0,18;0,2;1,2;706,9
05.01.2021 07:40:00;11926;9263;15,44;-3,6;4948;4834;3,62;8,38;0,7;0,27;0,49;29,3;831,26;87;4,88;44,79;0,925;0,192;0,048;41,2;113,2;79,5;0,17;0,11;0,34;1,19;0,44;0,11;1,82;3,22;1,11;0,34;0,82;0,12;0,33;1,15;707,2
05.01.2021 07:41:00;11926;9256;15,41;-3,6;4949;4827;3,68;8,86;0,72;0,26;0,4;29,2;831,26;87;4,84;44,77;1,027;0,216;0,059;41,2;113,2;79,5;0,17;0,1;0,22;1,09;0,32;0,09;1,73;3,21;1,17;0,35;0,83;0,13;0,22;1,19;707,1
05.01.2021 07:42:00;11928;9263;15,42;-3,6;4955;4826;3,73;8,48;0,59;0,33;0,43;29,5;831,26;87;4,86;44,77;0,89;0,2;0,049;41,2;113,2;79,5;0,18;0,11;0,31;1,14;0,4;0,07;1,79;3,22;1,13;0,36;0,8;0,13;0,21;1,26;707,5
05.01.2021 07:43:00;11926;9263;15,44;-3,6;4953;4832;3,75;8,71;0,79;0,41;0,43;29,7;831,26;87;4,9;44,79;1,096;0,21;0,059;41,2;113,2;79,5;0,18;0,1;0,25;1,18;0,35;0,13;1,81;3,2;1,15;0,4;0,8;0,05;0,2;1,15;707,2
05.01.2021 07:44:00;11931;9266;15,44;-3,6;4943;4825;3,58;8,19;0,54;0,34;0,41;29,7;831,26;87;4,82;44,8;0,685;0,224;0,052;41,2;113,2;79,5;0,18;0,11;0,35;1,12;0,37;0,15;1,77;3,2;1,14;0,38;0,84;0,2;0,22;1,12;707,8
05.01.2021 07:45:00;11925;9255;15,42;-3,7;4951;4828;3,58;8,66;0,55;0,36;0,47;29,7;831,26;87;4,91;44,77;1,267;0,245;0,057;41,2;113,1;79,5;0,17;0,11;0,3;1,12;0,33;0,13;1,7;3,22;1,19;0,31;0,85;0,1;0,21;1,26;706,9
05.01.2021 07:46:00;11923;9256;15,43;-3,7;4957;4832;3,5;7,94;0,6;0,39;0,48;29,9;831,26;87;4,85;44,79;0,925;0,204;0,054;41,2;113,1;79,5;0,18;0,11;0,18;1,04;0,39;0,07;1,85;3,2;1,16;0,34;0,82;0,12;0,23;1,12;707
05.01.2021 07:47:00;11927;9265;15,45;-3,7;4945;4829;3,61;8,72;0,5;0,27;0,44;30,1;831,26;87;4,89;44,84;1,438;0,198;0,059;41,2;113,3;79,5;0,17;0,1;0,22;1,11;0,3;0,08;1,82;3,19;1,14;0,33;0,92;0,12;0,25;1,19;707,3
05.01.2021 07:48:00;11926;9259;15,42;-3,6;4950;4828;3,59;8,45;0,79;0,21;0,42;29,4;831,26;87;4,93;44,77;0,753;0,218;0,047;41,2;113,3;79,5;0,18;0,11;0,3;1,03;0,34;0,11;1,77;3,21;1,19;0,35;0,82;0,09;0,23;1,18;707,4
05.01.2021 07:49:00;11930;9267;15,43;-3,6;4953;4824;3,67;8,81;0,61;0,34;0,44;29,7;831,26;87,1;4,84;44,77;1,062;0,192;0,056;41,2;113,3;79,5;0,19;0,11;0,34;0,98;0,39;0,14;1,85;3,25;1,1;0,37;0,83;0,14;0,33;1,16;707,7
05.01.2021 07:50:00;11927;9258;15,43;-3,6;4952;4827;3,66;7,97;0,49;0,25;0,39;29,7;831,26;87;4,89;44,76;0,993;0,208;0,05;41,2;113,2;79,5;0,18;0,11;0,24;1,08;0,35;0,09;1,84;3,2;1,16;0,32;0,89;0,12;0,17;1,14;707,4
05.01.2021 07:51:00;11928;9258;15,42;-3,5;4956;4825;3,62;8,12;0,56;0,44;0,42;29,7;831,26;87;4,86;44,72;1,164;0,241;0,054;41,2;113,2;79,5;0,17;0,1;0,21;0,96;0,37;0,12;1,8;3,23;1,15;0,36;0,83;0,14;0,19;1,16;707,9
05.01.2021 07:52:00;11929;9265;15,43;-3,7;4957;4826;3,61;8,5;0,63;0,46;0,45;29,9;831,26;87;4,89;44,72;1,027;0,228;0,056;41,2;113,3;79,5;0,18;0,1;0,37;1,04;0,36;0,16;1,87;3,19;1,15;0,36;0,92;0,18;0,25;1,14;707,5
05.01.2021 07:53:00;11931;9262;15,41;-3,6;4949;4832;3,57;8,94;0,53;0,45;0,45;29,6;831,26;87;4,87;44,72;0,753;0,194;0,056;41,2;113,3;79,5;0,17;0,11;0,21;0,98;0,38;0,1;1,76;3,21;1,14;0,37;1,03;0,09;0,16;1,13;708
05.01.2021 07:54:00;11926;9259;15,43;-3,6;4954;4826;3,62;8,87;0,9;0,37;0,45;29,7;831,26;87;4,83;44,77;0,993;0,205;0,046;41,2;113,1;79,5;0,17;0,1;0,43;1,02;0,32;0,1;1,85;3,23;1,18;0,31;0,85;0,15;0,29;1,16;707,5
05.01.2021 07:55:00;11929;9264;15,43;-3,7;4952;4828;3,65;8,32;0,82;0,42;0,48;29,5;831,26;87,1;4,91;44,77;1,062;0,243;0,057;41,2;113,2;79,5;0,17;0,1;0,25;1,07;0,34;0,13;1,81;3,21;1,15;0,36;0,85;0,13;0,19;1,15;707,6
05.01.2021 07:56:00;11927;9264;15,42;-3,5;4957;4831;3,61;8,08;0,57;0,27;0,46;28,9;831,26;87;4,94;44,72;0,685;0,226;0,051;41,2;113,3;79,5;0,18;0,1;0,22;0,97;0,34;0,15;1,82;3,18;1,13;0,37;0,8;0,12;0,23;1,19;707,6
05.01.2021 07:57:00;11931;9268;15,44;-3,6;4960;4832;3,47;8,38;0,66;0,32;0,48;29,4;831,26;87;4,96;44,79;0,959;0,192;0,048;41,2;113,3;79,5;0,18;0,11;0,29;0,92;0,35;0,13;1,91;3,22;1,12;0,39;0,79;0,1;0,17;1,17;707,7
05.01.2021 07:58:00;11927;9257;15,41;-3,4;4949;4830;3,55;8,6;0,45;0,27;0,43;29,7;831,26;87;4,98;44,85;1,164;0,2;0,052;41,2;113,3;79,5;0,18;0,11;0,15;0,86;0,32;0,1;1,76;3,19;1,16;0,34;0,81;0,13;0,23;1,14;708
05.01.2021 07:59:00;11925;9263;15,44;-3,6;4953;4835;3,53;8,09;0,52;0,38;0,43;29,5;831,26;87;4,85;44,84;1,096;0,204;0,053;41,2;113,2;79,5;0,18;0,11;0,31;0,85;0,33;0,12;1,81;3,23;1,16;0,37;0,88;0,12;0,23;1,11;707,6
05.01.2021 08:00:00;11924;9258;15,43;-3,7;4952;4839;3,5;8,28;0,46;0,37;0,44;29,3;831,26;87;4,87;44,87;1,096;0,221;0,054;41,2;113,1;79,5;0,17;0,1;0,23;0,95;0,31;0,11;1,82;3,23;1,18;0,35;0,8;0,17;0,21;1,05;706,8
05.01.2021 08:01:00;11929;9264;15,4;-3,6;4951;4833;3,57;7,68;0,47;0,23;0,42;29,5;831,26;87;4,86;44,85;1,164;0,232;0,053;41,2;113,2;79,5;0,18;0,11;0,31;0,99;0,37;0,09;1,87;3,19;1,1;0,39;0,93;0,15;0,15;1,16;707,2
05.01.2021 08:02:00;11925;9260;15,44;-3,6;4944;4832;3,56;7,89;0,64;0,41;0,42;29,8;831,26;87;4,84;44,8;1,062;0,203;0,059;41,2;113,1;79,5;0,17;0,1;0,24;0,96;0,38;0,11;1,83;3,21;1,1;0,34;0,9;0,22;0,2;1,15;707
05.01.2021 08:03:00;11925;9256;15,41;-3,6;4953;4828;3,58;8,21;0,83;0,22;0,49;29,8;831,26;87;4,9;44,72;1,062;0,203;0,053;41,2;113,2;79,4;0,17;0,11;0,37;1;0,41;0,08;1,81;3,22;1,12;0,38;0,91;0,11;0,08;1,1;707,2
05.01.2021 08:04:00;11923;9257;15,43;-3,6;4954;4832;3,51;7,87;0,7;0,32;0,47;29,5;831,26;87;4,92;44,72;1,199;0,22;0,058;41,1;113,1;79,5;0,18;0,11;0,18;0,98;0,29;0,07;1,83;3,21;1,17;0,34;0,82;0,15;0,21;1,12;706,9
05.01.2021 08:05:00;11924;9258;15,43;-3,6;4951;4831;3,56;7,9;0,75;0,25;0,4;29,9;831,26;87;4,89;44,79;0,651;0,223;0,054;41,1;113,1;79,5;0,17;0,1;0,23;0,93;0,46;0,09;1,88;3,18;1,11;0,34;0,81;0,13;0,17;1,12;707,4
05.01.2021 08:06:00;11927;9257;15,43;-3,5;4957;4827;3,59;9,21;0,65;0,33;0,5;29,7;831,26;87;4,9;44,84;1,096;0,225;0,055;41,1;113,1;79,5;0,18;0,11;0,15;0,9;0,34;0,11;1,92;3,2;1,1;0,28;0,79;0,12;0,2;1,16;707,5
05.01.2021 08:07:00;11929;9264;15,45;-3,4;4954;4832;3,57;7,73;0,63;0,3;0,45;29,7;831,26;87;4,88;44,8;0,788;0,231;0,054;41,1;113,2;79,5;0,17;0,1;0,42;0,93;0,41;0,18;1,93;3,19;1,13;0,37;0,87;0,12;0,18;1,14;707,6
05.01.2021 08:08:00;11928;9256;15,4;-3,4;4957;4828;3,56;8,33;0,62;0,43;0,43;29,3;831,26;87;4,93;44,77;1,096;0,203;0,052;41,2;113,4;79,4;0,19;0,11;0,19;0,99;0,32;0,12;1,84;3,2;1,16;0,34;0,77;0,1;0,28;1,16;707,4
05.01.2021 08:09:00;11932;9261;15,4;-3,3;4949;4826;3,54;8,42;0,8;0,25;0,48;29,2;831,26;87;4,84;44,8;1,336;0,225;0,051;41,2;113,1;79,5;0,17;0,1;0,31;1,03;0,34;0,13;1,93;3,18;1,11;0,34;0,92;0,1;0,16;1,09;708,3
05.01.2021 08:10:00;11929;9260;15,39;-3,5;4944;4836;3,64;8,5;0,63;0,39;0,47;29,6;831,26;87;4,84;44,84;0,753;0,237;0,062;41,2;113,3;79,5;0,17;0,1;0,39;1,01;0,28;0,11;1,9;3,2;1,19;0,39;0,92;0,14;0,15;1,13;707,7
05.01.2021 08:11:00;11925;9264;15,42;-3,6;4957;4824;3,59;9,1;0,83;0,44;0,5;29,7;831,26;87,1;4,83;44,77;0,959;0,238;0,055;41,2;113,3;79,5;0,18;0,1;0,33;1,12;0,31;0,14;1,77;3,22;1,15;0,33;0,86;0,15;0,23;1,2;707
05.01.2021 08:12:00;11926;9261;15,41;-3,6;4943;4825;3,56;8,59;0,57;0,34;0,44;29,6;831,26;87;4,85;44,77;1,164;0,221;0,047;41,2;113,2;79,5;0,17;0,1;0,33;1,07;0,33;0,11;1,84;3,23;1,12;0,34;0,87;0,2;0,18;1,19;707,1
05.01.2021 08:13:00;11930;9259;15,42;-3,5;4954;4834;3,58;9,29;0,76;0,27;0,49;29,3;831,26;87;4,87;44,85;1,062;0,214;0,052;41,2;113,2;79,5;0,18;0,1;0,43;1,06;0,36;0,15;1,86;3,21;1,16;0,4;0,9;0,16;0,21;1,15;707,5
05.01.2021 08:14:00;11929;9260;15,42;-3,6;4958;4830;3,71;8,78;0,62;0,34;0,48;29,7;831,26;87;4,9;44,85;1,301;0,193;0,057;41,1;113,3;79,5;0,18;0,11;0,22;1,18;0,34;0,1;1,84;3,19;1,14;0,44;1;0,17;0,21;1,14;707,2
05.01.2021 08:15:00;11928;9258;15,39;-3,6;4948;4826;3,66;9,11;0,63;0,33;0,5;29,6;831,26;87;4,91;44,77;1,13;0,195;0,054;41,2;113,2;79,5;0,17;0,11;0,43;1,14;0,33;0,06;1,73;3,18;1,08;0,32;0,88;0,13;0,18;1,19;707,3
05.01.2021 08:16:00;11929;9255;15,39;-3,3;4945;4830;3,68;8,54;0,71;0,31;0,51;29,3;831,26;87;4,84;44,77;1,301;0,189;0,057;41,2;113,2;79,5;0,17;0,11;0,23;1,12;0,36;0,1;1,79;3,19;1,1;0,37;0,94;0,06;0,29;1,14;707,6
05.01.2021 08:17:00;11930;9264;15,4;-3,4;4956;4828;3,61;8,73;0,54;0,32;0,47;29,7;831,26;87;4,88;44,79;0,753;0,195;0,055;41,2;113,3;79,5;0,18;0,11;0,35;1,04;0,32;0,13;1,84;3,21;1,13;0,37;0,88;0,13;0,23;1,11;707,7
05.01.2021 08:18:00;11927;9256;15,42;-3,5;4953;4829;3,67;8,74;0,64;0,31;0,43;29,9;831,26;87;4,92;44,79;1,096;0,22;0,053;41,2;113,2;79,5;0,18;0,1;0,37;1,22;0,31;0,11;1,87;3,23;1,14;0,32;0,83;0,12;0,23;1,14;707,4
05.01.2021 08:19:00;11930;9262;15,4;-3,5;4948;4837;3,56;8,56;0,69;0,19;0,38;29,6;831,26;87,1;4,82;44,87;0,959;0,202;0,053;41,2;113,4;79,5;0,18;0,11;0,27;1,1;0,26;0,11;1,82;3,18;1,08;0,33;0,82;0,08;0,19;1,1;707,4
05.01.2021 08:20:00;11930;9260;15,43;-3,4;4952;4829;3,6;8,58;0,43;0,4;0,43;30;831,26;87,1;4,86;44,84;0,925;0,222;0,054;41,2;113,3;79,5;0,18;0,11;0,36;1,14;0,4;0,16;1,93;3,22;1,09;0,38;0,83;0,13;0,28;1,16;707,9
05.01.2021 08:21:00;11927;9257;15,4;-3,4;4959;4828;3,64;9,27;0,36;0,38;0,46;30,4;831,26;87,1;4,91;44,86;0,89;0,203;0,053;41,2;113,3;79,5;0,17;0,1;0,38;1,06;0,36;0,09;1,92;3,22;1,19;0,38;0,78;0,1;0,29;1,14;707,5
05.01.2021 08:22:00;11930;9262;15,4;-3,5;4959;4826;3,61;8,44;0,76;0,31;0,44;30,5;831,26;87,1;4,88;44,79;1,13;0,226;0,056;41,2;113,2;79,6;0,18;0,1;0,23;1,11;0,26;0,17;1,87;3,21;1,07;0,31;0,81;0,11;0,19;1,14;707,7
05.01.2021 08:23:00;11930;9258;15,43;-3,4;4960;4838;3,55;8,91;0,52;0,27;0,45;29,9;831,26;87,1;4,9;44,84;0,925;0,204;0,049;41,2;113,3;79,5;0,17;0,11;0,21;1,03;0,33;0,16;1,9;3,2;1,18;0,36;0,95;0,07;0,24;1,08;707,8
05.01.2021 08:24:00;11930;9258;15,43;-3,4;4960;4838;3,55;8,91;0,52;0,27;0,45;29,9;831,26;87,1;4,9;44,84;0,925;0,204;0,049;41,2;113,3;79,5;0,17;0,11;0,21;1,03;0,33;0,16;1,9;3,2;1,18;0,36;0,95;0,07;0,24;1,08;707,8
05.01.2021 08:25:00;11928;9263;15,43;-3,4;4951;4831;3,53;8,29;0,58;0,23;0,44;30,1;831,26;87,1;4,86;44,82;1,233;0,21;0,052;41,2;113,2;79,5;0,18;0,1;0,31;1,01;0,34;0,11;1,81;3,2;1,09;0,33;0,85;0,12;0,22;1,12;707,2
05.01.2021 08:26:00;11926;9253;15,4;-3,4;4953;4817;3,66;8,95;0,79;0,23;0,49;29,5;831,26;87,3;4,88;44,72;0,959;0,222;0,056;41,2;113,3;79,5;0,18;0,1;0,45;1,1;0,43;0,14;1,81;3,2;1,09;0,34;0,83;0,1;0,23;1,13;707,3
05.01.2021 08:27:00;11932;9272;15,44;-3,5;4949;4822;3,62;9,06;0,64;0,34;0,43;29,5;831,26;87,1;4,88;44,79;1,164;0,225;0,053;41,2;113,3;79,5;0,18;0,11;0,43;1,2;0,38;0,07;1,8;3,21;1,15;0,35;0,9;0,07;0,22;1,01;707,7
05.01.2021 08:28:00;11929;9260;15,4;-3,4;4957;4829;3,63;8,9;0,66;0,36;0,49;29,3;831,26;87,1;4,92;44,79;0,925;0,2;0,054;41,2;113,2;79,5;0,17;0,1;0,33;0,97;0,34;0,08;1,79;3,2;1,15;0,3;0,95;0,13;0,15;1,15;707,1
05.01.2021 08:29:00;11929;9259;15,42;-3,4;4952;4829;3,61;8,63;0,69;0,34;0,46;29,7;831,26;87,3;4,89;44,77;1,438;0,197;0,059;41,2;113,1;79,5;0,18;0,1;0,33;1,04;0,36;0,16;1,83;3,22;1,16;0,37;0,85;0,08;0,25;1,13;707,5
05.01.2021 08:30:00;11926;9255;15,41;-3,4;4959;4828;3,75;9,18;0,43;0,3;0,45;29,7;831,26;87,1;4,88;44,8;1,267;0,177;0,055;41,2;113,2;79,5;0,18;0,1;0,3;0,97;0,37;0,1;1,88;3,21;1,17;0,34;0,95;0,11;0,19;1,18;707,3
05.01.2021 08:31:00;11931;9263;15,43;-3,3;4949;4829;3,69;9,16;0,51;0,29;0,39;29,7;831,26;87,1;4,9;44,84;0,925;0,207;0,043;41,2;113,2;79,5;0,18;0,1;0,19;0,91;0,39;0,14;1,78;3,2;1,15;0,34;0,91;0,17;0,22;1,17;707,6
05.01.2021 08:32:00;11929;9257;15,4;-3,3;4939;4830;3,69;8,68;0,47;0,28;0,41;29,8;831,26;87,3;4,84;44,84;0,753;0,203;0,05;41,2;113,2;79,5;0,17;0,11;0,32;1,02;0,33;0,18;1,92;3,2;1,15;0,37;0,93;0,1;0,28;1,12;707,7
05.01.2021 08:33:00;11924;9255;15,42;-3,4;4946;4832;3,64;8,35;0,6;0,26;0,37;29,7;831,26;87,3;4,88;44,8;1,027;0,212;0,056;41,2;113,2;79,5;0,18;0,1;0,32;0,95;0,27;0,08;1,83;3,18;1,17;0,38;0,91;0,1;0,31;1,19;707,2
05.01.2021 08:34:00;11932;9262;15,4;-3,3;4933;4829;3,68;9,21;0,68;0,33;0,45;29,3;831,26;87,3;4,92;44,97;1,37;0,212;0,053;41,2;113,4;79,5;0,18;0,1;0,33;0,97;0,33;0,11;1,89;3,18;1,14;0,35;0,9;0,18;0,32;1,09;707,8
05.01.2021 08:35:00;11929;9260;15,4;-3,4;4951;4826;3,72;8,8;0,44;0,31;0,42;29,7;831,26;87,3;4,9;44,84;1,062;0,205;0,054;41,2;113,2;79,5;0,17;0,11;0,37;0,82;0,36;0,13;1,91;3,2;1,15;0,39;0,89;0,14;0,21;1,16;707,5
05.01.2021 08:36:00;11932;9264;15,41;-3,4;4961;4830;3,84;9,68;0,74;0,28;0,48;29,4;831,26;87,1;4,91;44,84;1,164;0,197;0,056;41,2;113,4;79,5;0,18;0,1;0,34;0,95;0,35;0,15;1,86;3,22;1,12;0,32;0,86;0,2;0,36;1,16;707,6
05.01.2021 08:37:00;11932;9259;15,41;-3,1;4948;4828;3,72;8,85;0,74;0,33;0,49;29,6;831,26;87,3;4,9;44,84;1,199;0,214;0,051;41,2;113,2;79,5;0,17;0,11;0,39;0,92;0,3;0,09;1,88;3,21;1,15;0,32;0,78;0,13;0,27;1,1;708,3
05.01.2021 08:38:00;11931;9260;15,42;-3,3;4940;4832;3,71;8,98;0,57;0,43;0,42;29,4;831,26;87,3;4,83;44,84;0,89;0,21;0,056;41,2;113,4;79,5;0,18;0,11;0,33;0,89;0,36;0,17;1,83;3,19;1,18;0,4;0,91;0,16;0,34;1,17;707,9
05.01.2021 08:39:00;11929;9258;15,4;-3,4;4944;4831;3,7;10,06;0,65;0,51;0,45;29,6;831,26;87,3;4,94;44,8;1,164;0,231;0,054;41,2;113,3;79,5;0,18;0,11;0,34;0,95;0,38;0,11;1,91;3,22;1,14;0,37;0,81;0,08;0,36;1,12;707,6
05.01.2021 08:40:00;11928;9263;15,42;-3,3;4948;4826;3,71;10,01;0,51;0,46;0,49;29,7;831,26;87,1;4,92;44,79;1,164;0,211;0,057;41,2;113,4;79,5;0,18;0,1;0,54;0,96;0,4;0,18;1,94;3,21;1,1;0,41;0,85;0,17;0,23;1,14;707,8
05.01.2021 08:41:00;11930;9256;15,41;-3,3;4951;4824;3,77;9,32;0,54;0,34;0,46;29,7;831,26;87,1;4,89;44,73;0,959;0,236;0,059;41,2;113,3;79,5;0,17;0,1;0,37;0,93;0,35;0,14;1,83;3,22;1,08;0,36;0,9;0,12;0,24;1,18;707,8
05.01.2021 08:42:00;11936;9267;15,43;-3,1;4949;4836;3,86;9,48;0,47;0,37;0,43;29,8;831,26;87,3;4,81;44,85;0,89;0,228;0,048;41,2;113,4;79,5;0,17;0,1;0,39;1;0,38;0,13;1,89;3,22;1,12;0,33;0,9;0,12;0,22;1,09;708,6
05.01.2021 08:43:00;11928;9259;15,39;-3,3;4958;4832;3,7;8,78;0,66;0,28;0,42;29,7;831,26;87,3;4,84;44,74;0,925;0,221;0,059;41,2;113,4;79,5;0,17;0,1;0,48;0,91;0,34;0,1;1,75;3,22;1,15;0,41;0,79;0,11;0,23;1,17;707,4
05.01.2021 08:44:00;11932;9262;15,38;-3,3;4957;4829;3,75;9,19;0,59;0,41;0,41;29,6;831,26;87,1;4,86;44,79;1,096;0,224;0,058;41,2;113,4;79,5;0,18;0,1;0,28;0,92;0,34;0,13;1,93;3,21;1,07;0,28;0,97;0,11;0,22;1,12;708,1
05.01.2021 08:45:00;11928;9257;15,38;-3,3;4956;4825;3,85;8,87;0,53;0,31;0,45;29,7;831,26;87,1;4,88;44,77;1,062;0,22;0,059;41,2;113,4;79,5;0,17;0,1;0,43;1,03;0,31;0,21;1,94;3,2;1,19;0,39;0,85;0,12;0,25;1,15;707,7
05.01.2021 08:46:00;11928;9255;15,39;-3,3;4943;4824;3,78;9,31;0,44;0,28;0,4;29,6;831,26;87,3;4,9;44,77;1,267;0,228;0,046;41,2;113,2;79,5;0,18;0,1;0,29;1,02;0,36;0,14;1,78;3,21;1,22;0,34;0,92;0,14;0,4;1,19;707,8
05.01.2021 08:47:00;11936;9267;15,41;-3;4948;4831;3,86;9,78;0,52;0,5;0,45;29,9;831,26;87,3;4,87;44,85;1,027;0,202;0,059;41,2;113,4;79,5;0,18;0,11;0,26;1,07;0,36;0,12;1,91;3,21;1,16;0,39;0,85;0,12;0,19;1,1;708,6
05.01.2021 08:48:00;11929;9254;15,37;-3,2;4954;4832;3,83;9,54;0,85;0,35;0,54;30,1;831,26;87,3;4,89;44,79;1,027;0,218;0,054;41,2;113,4;79,5;0,17;0,11;0,4;1;0,37;0,15;1,91;3,21;1,1;0,35;0,88;0,13;0,19;1,14;707,6
05.01.2021 08:49:00;11931;9262;15,41;-3,3;4955;4831;3,78;10;0,52;0,3;0,46;30,2;831,26;87,3;4,86;44,79;1,473;0,219;0,05;41,2;113,4;79,5;0,18;0,11;0,51;1,01;0,4;0,13;1,79;3,2;1,13;0,35;0,81;0,12;0,21;1,12;708,2
05.01.2021 08:50:00;11930;9257;15,39;-3,1;4954;4827;3,74;9,95;0,68;0,3;0,47;29,7;831,26;87,3;4,85;44,8;0,616;0,191;0,058;41,3;113,5;79,5;0,18;0,1;0,36;1,08;0,29;0,11;1,99;3,18;1,16;0,36;0,89;0,2;0,38;1,18;708,1
05.01.2021 08:51:00;11933;9264;15,4;-3,3;4956;4833;3,86;9,86;0,73;0,33;0,47;30,1;831,26;87,3;4,8;44,86;1,027;0,212;0,052;41,2;113,4;79,6;0,17;0,1;0,25;1,02;0,47;0,12;1,93;3,19;1,12;0,34;0,91;0,16;0,19;1,16;707,9
05.01.2021 08:52:00;11932;9261;15,4;-3,3;4951;4828;3,85;9,91;0,66;0,25;0,45;29,8;831,26;87,1;4,84;44,79;0,753;0,218;0,053;41,2;113,3;79,5;0,18;0,1;0,26;1,03;0,42;0,16;2,01;3,19;1,07;0,38;0,89;0,11;0,36;1,14;707,9
05.01.2021 08:53:00;11936;9268;15,44;-3,2;4961;4830;3,69;9,07;0,75;0,41;0,5;30;831,26;87,3;4,88;44,77;1,096;0,224;0,056;41,3;113,4;79,5;0,17;0,11;0,31;1,14;0,36;0,14;1,79;3,19;1,16;0,46;0,83;0,17;0,38;1,14;708,6
05.01.2021 08:54:00;11929;9261;15,41;-3,2;4946;4827;3,89;9,93;0,63;0,28;0,43;30;831,26;87,3;4,84;44,84;1,062;0,191;0,045;41,2;113,3;79,5;0,18;0,11;0,56;1,1;0,36;0,12;1,96;3,21;1,16;0,35;0,85;0,15;0,21;1,13;707,8
05.01.2021 08:55:00;11933;9264;15,4;-3,2;4935;4830;3,84;9,82;0,63;0,45;0,43;30,2;831,26;87,3;4,82;44,85;0,616;0,231;0,054;41,2;113,4;79,5;0,18;0,11;0,43;1,09;0,39;0,13;2,01;3,22;1,13;0,39;0,82;0,2;0,43;1,16;708,7
05.01.2021 08:56:00;11934;9258;15,41;-3,2;4955;4834;3,86;9,21;0,46;0,45;0,4;30,2;831,26;87,3;4,83;44,92;1,267;0,194;0,048;41,2;113,4;79,6;0,18;0,1;0,38;1,01;0,33;0,16;1,94;3,22;1,17;0,33;0,92;0,1;0,36;1,09;708,1
05.01.2021 08:57:00;11933;9266;15,41;-3,3;4961;4825;3,91;10,67;0,78;0,47;0,42;30;831,26;87,4;4,87;44,77;1,233;0,234;0,048;41,2;113,5;79,6;0,17;0,1;0,34;1,14;0,41;0,16;2,04;3,21;1,17;0,36;0,88;0,1;0,31;1,16;708,4
05.01.2021 08:58:00;11932;9260;15,4;-3,1;4955;4829;3,86;10,06;0,51;0,45;0,41;29,8;831,26;87,3;4,88;44,77;0,925;0,207;0,055;41,2;113,4;79,6;0,18;0,1;0,5;1,11;0,36;0,16;1,92;3,21;1,12;0,36;0,79;0,14;0,33;1,12;708,3
05.01.2021 08:59:00;11934;9264;15,41;-3,3;4947;4830;3,86;10,59;0,62;0,4;0,44;30;831,26;87,3;4,82;44,8;0,514;0,216;0,046;41,3;113,5;79,6;0,18;0,11;0,21;1,02;0,44;0,11;2,02;3,22;1,1;0,31;0,79;0,12;0,23;1,11;708,5
05.01.2021 09:00:00;11931;9263;15,38;-3,1;4950;4827;3,85;9,81;0,48;0,31;0,43;30,3;830,96;87,4;4,88;44,77;1,062;0,215;0,056;41,3;113,4;79,6;0,18;0,11;0,44;1,06;0,38;0,13;1,88;3,18;1,16;0,37;0,79;0,18;0,24;1,16;708,1
05.01.2021 09:01:00;11931;9258;15,4;-3;4950;4827;3,84;9,42;0,55;0,47;0,52;30,1;831,26;87,4;4,85;44,77;0,959;0,212;0,052;41,2;113,3;79,5;0,18;0,11;0,55;1,04;0,41;0,13;1,99;3,22;1,15;0,36;0,83;0,15;0,31;1,07;708
05.01.2021 09:02:00;11931;9260;15,42;-3,1;4951;4824;3,84;10,28;0,76;0,39;0,44;29,9;831,26;87,3;4,86;44,76;0,514;0,203;0,049;41,2;113,3;79,6;0,18;0,11;0,49;1,01;0,42;0,1;2,06;3,21;1,14;0,31;0,81;0,09;0,25;1,12;708,5
05.01.2021 09:03:00;11933;9260;15,4;-2,9;4952;4824;3,79;10,38;0,7;0,35;0,47;29,6;831,26;87,3;4,82;44,77;1,027;0,201;0,053;41,2;113,4;79,5;0,17;0,1;0,46;0,98;0,41;0,12;1,99;3,22;1,11;0,36;0,79;0,1;0,3;1,1;708,6
05.01.2021 09:04:00;11935;9261;15,42;-2,9;4953;4826;3,93;10,26;0,45;0,21;0,48;29,7;831,26;87,3;4,86;44,77;0,925;0,184;0,056;41,2;113,3;79,5;0,17;0,1;0,77;1,04;0,43;0,15;2,2;3,2;1,11;0,41;0,87;0,14;0,42;1,03;708,7
05.01.2021 09:05:00;11933;9258;15,39;-3,1;4952;4827;3,84;9,53;0,45;0,47;0,42;30;831,26;87,4;4,85;44,7;0,616;0,202;0,05;41,2;113,4;79,5;0,17;0,11;0,53;1,08;0,34;0,12;1,87;3,23;1,13;0,32;0,79;0,12;0,38;1,14;708,3
05.01.2021 09:06:00;11934;9264;15,39;-2,9;4951;4826;3,86;10,14;0,53;0,29;0,4;29,7;831,26;87,4;4,85;44,72;1,13;0,221;0,054;41,2;113,4;79,5;0,18;0,11;0,54;1,01;0,42;0,15;2,14;3,23;1,12;0,32;0,91;0,16;0,3;1;708,2
05.01.2021 09:07:00;11929;9260;15,41;-2,9;4951;4826;3,87;10,83;0,56;0,38;0,37;29,8;831,26;87,4;4,83;44,72;1,164;0,22;0,056;41,2;113,3;79,5;0,17;0,11;0,42;1,06;0,39;0,17;2,16;3,22;1,05;0,35;0,88;0,18;0,35;1,09;708
05.01.2021 09:08:00;11929;9254;15,4;-3;4938;4818;3,9;11,73;0,65;0,31;0,37;30,2;831,26;87,4;4,84;44,72;1,062;0,203;0,054;41,2;113,3;79,5;0,17;0,1;0,44;0,89;0,42;0,15;2,12;3,18;1,12;0,37;0,86;0,14;0,33;1,15;708,1
05.01.2021 09:09:00;11946;9267;15,37;-2,3;4946;4829;3,96;10,98;0,65;0,4;0,38;30,2;831,26;87,4;4,74;44,72;0,993;0,224;0,051;41,2;113,4;79,6;0,17;0,1;0,42;0,94;0,36;0,21;2,16;3,19;1,17;0,34;0,85;0,23;0,3;1,11;710,9
05.01.2021 09:10:00;11945;9266;15,4;-2,3;4955;4828;3,98;11,23;0,6;0,4;0,41;30,4;831,26;87,4;4,75;44,72;0,959;0,197;0,05;41,2;113,5;79,6;0,17;0,1;0,3;0,8;0,31;0,14;2,09;3,21;1,14;0,3;0,82;0,17;0,18;1,07;710,7
05.01.2021 09:11:00;11932;9256;15,38;-2,8;4946;4816;3,97;10,47;0,51;0,42;0,45;30,4;831,26;87,4;4,82;44,64;1,027;0,193;0,054;41,2;113,4;79,5;0,18;0,1;0,59;0,82;0,4;0,16;2,13;3,18;1,16;0,33;0,9;0,22;0,32;1,16;708,2
05.01.2021 09:12:00;11935;9261;15,36;-2,9;4958;4825;3,96;10,71;0,69;0,36;0,41;30,3;831,26;87,4;4,76;44,76;0,925;0,228;0,063;41,2;113,4;79,6;0,17;0,11;0,57;0,9;0,41;0,16;2,18;3,22;1,13;0,34;0,92;0,19;0,39;1,13;709
05.01.2021 09:13:00;11937;9264;15,43;-2,9;4958;4828;4,17;10,96;0,55;0,29;0,49;30,6;831,26;87,4;4,78;44,72;1,062;0,219;0,059;41,2;113,5;79,5;0,17;0,11;0,74;0,86;0,4;0,19;2,2;3,22;1,09;0,34;0,96;0,19;0,29;1,15;708,9
05.01.2021 09:14:00;11933;9259;15,41;-3;4947;4826;4,11;10,08;0,63;0,31;0,34;30,4;831,26;87,4;4,83;44,77;1,13;0,229;0,062;41,2;113,5;79,5;0,17;0,1;0,5;0,92;0,38;0,15;2,21;3,2;1,14;0,32;0,78;0,15;0,33;1,1;708,7
05.01.2021 09:15:00;11939;9264;15,4;-2,8;4957;4830;4,08;10,48;0,66;0,29;0,4;30,6;831,26;87,3;4,8;44,72;0,788;0,236;0,054;41,2;113,4;79,6;0,18;0,11;0,58;0,89;0,33;0,22;2,21;3,2;1,14;0,31;0,87;0,17;0,32;1,12;709,2
05.01.2021 09:16:00;11936;9262;15,4;-3;4958;4830;4,06;10,21;0,61;0,34;0,45;30,8;831,26;87,4;4,84;44,8;1,199;0,184;0,063;41,2;113,5;79,6;0,17;0,1;0,44;0,9;0,33;0,18;2,07;3,2;1,14;0,43;0,84;0,23;0,25;1,06;708,9
05.01.2021 09:17:00;11935;9262;15,39;-2,9;4952;4834;3,89;10,82;0,58;0,29;0,42;30,5;831,26;87,4;4,88;44,74;0,959;0,191;0,058;41,2;113,5;79,5;0,17;0,1;0,46;0,9;0,4;0,17;2,02;3,2;1,15;0,38;0,9;0,15;0,32;1,09;708,9
05.01.2021 09:18:00;11935;9260;15,38;-2,9;4942;4820;3,92;10,2;0,57;0,28;0,38;30,6;831,26;87,4;4,78;44,71;0,788;0,214;0,05;41,2;113,5;79,6;0,18;0,1;0,54;0,81;0,42;0,14;2,01;3,22;1,12;0,38;0,83;0,15;0,39;1,13;708,9
05.01.2021 09:19:00;11937;9266;15,41;-2,9;4949;4821;3,93;9,99;0,68;0,37;0,42;30,3;831,26;87,4;4,85;44,77;0,719;0,215;0,053;41,2;113,5;79,5;0,17;0,11;0,61;0,98;0,36;0,14;2,13;3,21;1,1;0,38;0,79;0,11;0,33;1,13;708,8
05.01.2021 09:20:00;11935;9266;15,4;-3;4956;4830;3,88;10,75;0,42;0,3;0,46;30,2;831,26;87,4;4,81;44,77;1,096;0,227;0,054;41,2;113,3;79,5;0,18;0,1;0,65;0,9;0,35;0,2;2,29;3,21;1,23;0,42;0,81;0,22;0,31;1,11;708,6
05.01.2021 09:21:00;11934;9262;15,4;-2,9;4953;4828;3,94;10,04;0,77;0,26;0,42;30,4;831,26;87,4;4,86;44,77;1,13;0,221;0,051;41,2;113,5;79,5;0,18;0,1;0,53;0,99;0,35;0,13;2,06;3,2;1,09;0,32;0,78;0,09;0,34;1,13;708,4
05.01.2021 09:22:00;11934;9261;15,41;-2,8;4944;4826;3,84;10,93;0,49;0,29;0,41;30,6;831,26;87,3;4,83;44,72;0,719;0,191;0,058;41,2;113,5;79,5;0,18;0,1;0,48;1,03;0,38;0,12;2,21;3,2;1,11;0,38;0,87;0,13;0,28;1,09;708,9
05.01.2021 09:23:00;11936;9261;15,39;-3;4955;4826;3,85;10,58;0,85;0,37;0,43;30,2;831,26;87,4;4,82;44,72;0,856;0,218;0,053;41,2;113,4;79,5;0,18;0,1;0,45;1,04;0,32;0,2;2,1;3,21;1,12;0,3;0,71;0,16;0,41;1,14;708,6
05.01.2021 09:24:00;11940;9266;15,4;-2,7;4943;4816;3,97;11,09;0,74;0,2;0,49;30,3;831,26;87,4;4,82;44,64;0,993;0,205;0,051;41,2;113,4;79,5;0,18;0,11;0,63;0,94;0,41;0,11;2,05;3,21;1,12;0,33;0,79;0,19;0,37;1,07;709,1
05.01.2021 09:25:00;11934;9263;15,4;-3;4946;4822;3,94;9,83;0,56;0,42;0,51;30,4;831,26;87,4;4,87;44,72;0,548;0,203;0,051;41,2;113,4;79,5;0,19;0,11;0,49;1,06;0,34;0,15;1,98;3,23;1,16;0,32;0,81;0,15;0,27;1,09;708,5
05.01.2021 09:26:00;11931;9261;15,4;-3;4944;4831;3,85;11,17;0,54;0,32;0,43;30,1;831,26;87,3;4,83;44,72;0,959;0,228;0,051;41,2;113,5;79,5;0,18;0,11;0,61;1;0,34;0,23;2,03;3,23;1,21;0,35;0,92;0,13;0,35;1,14;708,8
05.01.2021 09:27:00;11934;9263;15,39;-2,9;4956;4822;3,83;11,36;0,87;0,34;0,4;30;831,26;87,3;4,89;44,72;1,062;0,189;0,059;41,2;113,3;79,6;0,18;0,11;0,55;0,95;0,31;0,15;2,18;3,21;1,2;0,34;0,9;0,18;0,43;1,17;708,7
05.01.2021 09:28:00;11935;9260;15,39;-2,9;4953;4826;3,98;10,32;0,67;0,31;0,45;29,9;831,26;87,4;4,8;44,77;1,13;0,221;0,058;41,2;113,4;79,6;0,18;0,1;0,65;0,98;0,37;0,15;2,2;3,21;1,19;0,33;0,84;0,17;0,3;1,11;708,2
05.01.2021 09:29:00;11936;9266;15,45;-2,8;4944;4833;3,94;12,28;0,51;0,42;0,47;29,8;831,26;87,4;4,83;44,84;1,13;0,204;0,054;41,2;113,3;79,6;0,17;0,11;0,51;1,12;0,33;0,2;2,14;3,21;1,15;0,33;0,95;0,1;0,27;1,14;708,9
05.01.2021 09:30:00;11934;9260;15,39;-2,8;4944;4831;3,9;11,22;0,55;0,45;0,4;29,9;831,26;87,4;4,83;44,79;1,336;0,196;0,059;41,2;113,5;79,5;0,17;0,1;0,35;1,02;0,4;0,12;2,11;3,2;1,14;0,39;0,84;0,12;0,44;1,11;708,9
05.01.2021 09:31:00;11935;9261;15,38;-2,8;4946;4830;3,98;11,24;0,39;0,2;0,48;29,5;831,26;87,4;4,83;44,79;1,096;0,189;0,052;41,2;113,4;79,6;0,17;0,1;0,37;1,1;0,35;0,12;1,99;3,19;1,1;0,4;0,96;0,14;0,4;1,14;708,9
05.01.2021 09:32:00;11937;9263;15,4;-2,8;4947;4825;4,13;10,08;0,6;0,26;0,42;29,7;831,26;87,4;4,85;44,72;1,164;0,228;0,053;41,2;113,5;79,6;0,16;0,1;0,45;1,17;0,36;0,13;2,15;3,2;1,18;0,36;0,81;0,16;0,38;1,13;709,3
05.01.2021 09:33:00;11931;9261;15,4;-2,9;4954;4827;3,94;10,37;0,81;0,32;0,37;30,2;831,26;87,4;4,82;44,72;1,13;0,226;0,052;41,2;113,5;79,5;0,18;0,11;0,52;1,11;0,33;0,22;2,04;3,18;1,18;0,34;0,76;0,14;0,51;1,19;708,2
05.01.2021 09:34:00;11931;9257;15,4;-2,9;4951;4824;3,88;10,23;0,51;0,37;0,36;30,3;831,26;87,4;4,84;44,77;0,993;0,239;0,051;41,2;113,5;79,6;0,18;0,1;0,56;1;0,38;0,16;2,39;3,21;1,19;0,38;0,84;0,16;0,3;1,05;708,7
05.01.2021 09:35:00;11935;9258;15,36;-2,9;4957;4820;3,97;10,84;0,63;0,4;0,37;30,3;831,26;87,4;4,87;44,77;0,89;0,226;0,055;41,2;113,4;79,6;0,18;0,11;0,75;1,09;0,41;0,23;2,17;3,19;1,13;0,33;0,79;0,15;0,38;1,11;708,4
05.01.2021 09:36:00;11931;9255;15,39;-3;4954;4830;3,88;10;0,52;0,15;0,43;30,1;831,26;87,4;4,83;44,72;0,822;0,234;0,057;41,2;113,4;79,6;0,17;0,11;0,6;1,03;0,37;0,2;2,03;3,21;1,14;0,34;0,96;0,18;0,37;1,13;708,3
05.01.2021 09:37:00;11934;9261;15,39;-2,9;4952;4824;4,02;10,93;0,61;0,33;0,49;30;831,26;87,4;4,82;44,72;0,959;0,216;0,062;41,2;113,4;79,6;0,17;0,1;0,61;0,98;0,39;0,22;2,14;3,24;1,14;0,35;0,89;0,11;0,46;1,12;708,9
05.01.2021 09:38:00;11932;9261;15,41;-2,8;4960;4825;3,92;9,74;0,62;0,37;0,43;30,2;831,26;87,4;4,83;44,72;1,027;0,207;0,05;41,2;113,4;79,5;0,18;0,11;0,58;1,05;0,37;0,21;2,13;3,19;1,11;0,34;0,93;0,18;0,21;1,13;708,2
05.01.2021 09:39:00;11932;9257;15,4;-2,9;4945;4824;3,86;10,93;0,52;0,27;0,41;30,2;831,26;87,4;4,84;44,72;0,616;0,225;0,051;41,2;113,4;79,5;0,17;0,1;0,5;1,12;0,35;0,14;2,1;3,23;1,16;0,33;0,85;0,11;0,44;1,14;708,6
05.01.2021 09:40:00;11933;9256;15,4;-2,9;4954;4828;3,79;10,55;0,58;0,41;0,39;30,6;831,26;87,4;4,84;44,77;1,164;0,212;0,048;41,2;113,5;79,5;0,18;0,11;0,29;1;0,37;0,17;1,98;3,22;1,07;0,41;0,77;0,16;0,37;1,08;708,9
05.01.2021 09:41:00;11932;9257;15,4;-3;4947;4826;3,94;10,66;0,64;0,35;0,41;30,1;831,26;87,4;4,81;44,8;1,027;0,189;0,053;41,2;113,4;79,5;0,18;0,1;0,51;0,99;0,36;0,2;2,31;3,2;1,1;0,37;0,88;0,12;0,32;1,08;708,5
05.01.2021 09:42:00;11932;9258;15,39;-2,9;4962;4831;4,03;10,61;0,86;0,4;0,39;30;831,26;87,4;4,8;44,8;0,685;0,215;0,051;41,2;113,3;79,5;0,17;0,11;0,44;0,93;0,4;0,16;2,25;3,19;1,13;0,35;0,81;0,16;0,38;1,12;708,3
05.01.2021 09:43:00;11933;9256;15,37;-2,9;4946;4829;3,85;10,73;0,57;0,35;0,41;30,5;831,26;87,4;4,82;44,8;0,651;0,213;0,058;41,2;113,3;79,5;0,17;0,1;0,35;0,87;0,4;0,15;2,1;3,19;1,13;0,45;0,76;0,15;0,33;1,21;708,2
05.01.2021 09:44:00;11931;9260;15,39;-2,9;4949;4824;3,81;11,4;0,5;0,49;0,35;30,7;831,26;87,4;4,82;44,77;1,062;0,209;0,054;41,2;113,4;79,5;0,17;0,1;0,22;0,96;0,33;0,18;1,84;3,21;1,09;0,38;0,85;0,15;0,37;1,08;708,4
05.01.2021 09:45:00;11935;9261;15,39;-2,8;4941;4824;3,81;12,26;0,48;0,27;0,45;30,4;831,26;87,4;4,8;44,72;0,822;0,201;0,054;41,2;113,3;79,5;0,17;0,11;0,45;0,97;0,38;0,24;1,92;3,22;1,2;0,35;0,78;0,23;0,36;1,11;709,1
05.01.2021 09:46:00;11935;9257;15,4;-2,9;4956;4826;3,94;11,72;0,55;0,29;0,44;30,3;831,26;87,4;4,85;44,77;1,13;0,199;0,056;41,2;113,3;79,5;0,18;0,11;0,58;0,91;0,41;0,11;2,04;3,21;1,11;0,4;0,78;0,18;0,37;1,12;708,5
05.01.2021 09:47:00;11935;9257;15,4;-2,9;4956;4826;3,94;11,72;0,55;0,29;0,44;30,3;831,26;87,4;4,85;44,77;1,13;0,199;0,056;41,2;113,3;79,5;0,18;0,11;0,58;0,91;0,41;0,11;2,04;3,21;1,11;0,4;0,78;0,18;0,37;1,12;708,5
05.01.2021 09:48:00;11932;9259;15,4;-2,9;4957;4826;3,84;10,57;0,55;0,31;0,44;30,3;831,26;87,4;4,92;44,8;0,993;0,197;0,051;41,2;113,3;79,5;0,18;0,11;0,35;0,93;0,35;0,18;2,17;3,21;1,19;0,37;0,97;0,16;0,29;1,14;708,6
05.01.2021 09:49:00;11931;9259;15,37;-2,8;4939;4828;3,94;10,75;0,58;0,36;0,4;30,1;831,26;87,4;4,84;44,72;1,096;0,19;0,052;41,2;113,3;79,5;0,18;0,11;0,32;0,95;0,37;0,16;1,96;3,17;1,12;0,27;0,8;0,16;0,49;1,07;708,3
05.01.2021 09:50:00;11932;9255;15,41;-2,9;4942;4823;3,88;9,88;0,89;0,23;0,4;30,3;831,26;87,4;4,83;44,72;0,89;0,22;0,056;41,2;113,4;79,5;0,18;0,11;0,39;1,03;0,39;0,14;2,2;3,18;1,16;0,25;0,8;0,16;0,32;1,16;708,4
05.01.2021 09:51:00;11935;9260;15,39;-2,8;4952;4825;3,85;10,94;0,79;0,29;0,38;30,7;831,26;87,4;4,79;44,77;0,993;0,232;0,058;41,2;113,5;79,5;0,17;0,1;0,46;0,89;0,39;0,17;2,03;3,23;1,08;0,32;0,85;0,15;0,42;1,1;709,2
05.01.2021 09:52:00;11938;9259;15,36;-2,5;4943;4825;4,05;12,09;0,53;0,35;0,44;30,8;831,26;87,4;4,89;44,72;1,233;0,205;0,054;41,2;113,5;79,5;0,17;0,1;0,52;0,89;0,4;0,19;2,16;3,24;1,19;0,31;0,74;0,21;0,37;1,02;709
05.01.2021 09:53:00;11935;9265;15,38;-2,6;4954;4826;4,06;11,56;0,79;0,38;0,42;30,9;831,26;87,4;4,72;44,85;0,822;0,228;0,052;41,2;113,5;79,5;0,19;0,1;0,51;1,01;0,29;0,26;2,21;3,23;1,13;0,38;0,81;0,23;0,36;1,05;709,3
05.01.2021 09:54:00;11935;9257;15,36;-2,8;4945;4824;4,12;12,08;0,73;0,25;0,44;30,6;831,26;87,4;4,83;44,77;1,541;0,197;0,057;41,2;113,5;79,6;0,17;0,1;0,36;1,1;0,32;0,17;1,96;3,21;1,08;0,32;0,98;0,23;0,38;1,13;708,9
05.01.2021 09:55:00;11932;9262;15,4;-2,8;4951;4820;4,28;11,39;0,56;0,38;0,42;30,4;831,26;87,4;4,77;44,79;1,301;0,224;0,054;41,2;113,5;79,6;0,17;0,1;0,36;0,98;0,37;0,16;2,08;3,19;1,09;0,37;0,73;0,22;0,25;1,13;708,7
05.01.2021 09:56:00;11936;9257;15,38;-2,7;4943;4823;4,2;11,35;0,62;0,29;0,47;30,5;831,26;87,5;4,78;44,77;1,096;0,242;0,056;41,2;113,4;79,6;0,18;0,1;0,56;0,85;0,33;0,14;2,09;3,19;1,24;0,32;0,7;0,21;0,44;1,23;709,3
05.01.2021 09:57:00;11933;9259;15,37;-2,7;4954;4831;4,15;11,09;0,56;0,42;0,46;30,3;831,26;87,4;4,77;44,92;1,062;0,211;0,051;41,2;113,4;79,6;0,17;0,11;0,44;0,98;0,26;0,19;2,14;3,18;1,1;0,39;0,8;0,15;0,38;1,29;708,6
05.01.2021 09:58:00;11936;9256;15,4;-2,7;4947;4821;4,05;10,95;0,56;0,3;0,46;30,2;831,26;87,4;4,81;44,77;1,37;0,227;0,053;41,2;113,5;79,5;0,19;0,11;0,63;1,08;0,3;0,14;1,95;3,2;1,14;0,29;0,93;0,18;0,32;1,23;709
05.01.2021 09:59:00;11932;9256;15,35;-2,8;4948;4814;4,15;10,75;0,65;0,35;0,42;29,9;831,26;87,5;4,86;44,77;0,753;0,196;0,05;41,2;113,4;79,6;0,18;0,1;0,39;1,1;0,29;0,28;2,01;3,21;1,11;0,37;0,8;0,17;0,45;1,25;708,4
05.01.2021 10:00:00;11935;9258;15,36;-2,8;4945;4822;4,1;11,72;0,5;0,28;0,43;30,1;831,26;87,5;4,88;44,84;1,301;0,198;0,058;41,2;113,5;79,6;0,17;0,1;0,44;0,96;0,34;0,15;2,1;3,2;1,12;0,37;0,88;0,16;0,48;1,17;708,7
05.01.2021 10:01:00;11933;9264;15,39;-2,7;4949;4828;4,33;10,91;0,57;0,31;0,4;30,2;831,26;87,6;4,84;44,84;0,925;0,195;0,049;41,2;113,5;79,5;0,18;0,1;0,7;1,08;0,39;0,26;2,05;3,18;1,14;0,29;0,86;0,23;0,43;1,17;709
05.01.2021 10:02:00;11939;9261;15,36;-2,5;4950;4831;4,04;11,64;0,53;0,27;0,44;30;831,26;87,5;4,87;44,8;1,301;0,2;0,046;41,2;113,4;79,6;0,19;0,1;0,37;0,94;0,3;0,17;2,07;3,22;1,08;0,34;0,83;0,25;0,63;1,18;709,6
05.01.2021 10:03:00;11939;9265;15,39;-2,7;4945;4828;3,92;12,6;0,37;0,4;0,44;30,3;831,26;87,5;4,82;44,79;1,096;0,216;0,061;41,2;113,4;79,6;0,18;0,11;0,61;0,92;0,36;0,1;2,27;3,21;1,18;0,38;0,86;0,18;0,46;1,2;709,2
05.01.2021 10:04:00;11939;9261;15,38;-2,7;4952;4824;4,02;12,1;0,57;0,34;0,34;30,4;831,26;87,5;4,87;44,8;1,267;0,198;0,056;41,2;113,4;79,5;0,17;0,1;0,42;1,11;0,35;0,15;2,17;3,21;1,15;0,32;0,89;0,21;0,4;1,12;709,4
05.01.2021 10:05:00;11935;9263;15,43;-2,7;4953;4823;4,03;12,41;0,57;0,39;0,39;30,2;831,26;87,5;4,81;44,71;0,753;0,197;0,047;41,2;113,5;79,6;0,17;0,1;0,43;0,96;0,36;0,19;2,19;3,23;1,11;0,31;0,87;0,28;0,38;1,15;708,8
05.01.2021 10:06:00;11937;9255;15,39;-2,6;4960;4823;4,18;12,35;0,44;0,34;0,4;30,6;831,26;87,5;4,78;44,79;0,925;0,202;0,055;41,2;113,5;79,6;0,18;0,11;0,69;0,96;0,33;0,19;2,2;3,18;1,14;0,31;0,87;0,17;0,26;1,26;709,3
05.01.2021 10:07:00;11940;9259;15,39;-2,4;4951;4816;4,21;11,77;0,95;0,2;0,45;30,5;831,26;87,6;4,77;44,76;0,925;0,192;0,052;41,2;113,4;79,6;0,18;0,11;0,4;1,14;0,28;0,14;2,02;3,23;1,16;0,27;0,72;0,13;0,29;1,16;709,5
05.01.2021 10:08:00;11938;9262;15,39;-2,6;4941;4826;4,16;12,92;0,51;0,38;0,44;30,3;831,26;87,5;4,77;44,85;1,199;0,208;0,053;41,2;113,5;79,7;0,18;0,1;0,51;1,07;0,26;0,25;2,19;3,19;1,1;0,38;0,77;0,18;0,42;1,17;709,3
05.01.2021 10:09:00;11937;9262;15,38;-2,6;4959;4826;4,45;13,3;0,75;0,4;0,41;30,2;831,26;87,6;4,89;44,81;0,856;0,22;0,053;41,2;113,5;79,6;0,17;0,1;0,43;0,85;0,34;0,26;2,24;3,19;1,13;0,42;0,74;0,28;0,35;1,14;709
05.01.2021 10:10:00;11941;9264;15,36;-2,5;4957;4827;4,37;11,56;0,61;0,34;0,41;30,2;831,26;87,6;4,85;44,82;1,267;0,209;0,054;41,2;113,4;79,6;0,17;0,11;0,51;0,94;0,3;0,31;2,15;3,22;1,08;0,36;0,82;0,17;0,39;1,14;709,4
05.01.2021 10:11:00;11942;9265;15,38;-2,4;4947;4817;4,55;11,66;0,69;0,28;0,44;30,7;831,26;87,6;4,79;44,77;1,062;0,216;0,059;41,2;113,5;79,7;0,19;0,1;0,43;0,97;0,36;0,2;2,29;3,22;1,11;0,41;0,67;0,2;0,45;1,25;710
05.01.2021 10:12:00;11934;9253;15,39;-2,6;4950;4823;4,45;11,98;0,56;0,27;0,36;30,7;831,26;87,6;4,88;44,77;0,719;0,212;0,056;41,2;113,5;79,6;0,18;0,11;0,53;1,05;0,34;0,15;2,2;3,19;1,1;0,35;0,83;0,26;0,42;1,14;709
05.01.2021 10:13:00;11936;9257;15,36;-2,5;4949;4820;4,36;11,58;0,45;0,34;0,38;30,4;831,26;87,6;4,81;44,77;1,267;0,208;0,056;41,2;113,4;79,6;0,17;0,11;0,72;0,99;0,33;0,16;2,01;3,23;1,15;0,42;0,71;0,17;0,36;1,15;709,5
05.01.2021 10:14:00;11939;9257;15,35;-2,4;4948;4832;4,42;12,56;0,74;0,25;0,36;29,8;831,26;87,6;4,75;44,91;1,301;0,199;0,055;41,2;113,5;79,6;0,17;0,1;0,4;0,91;0,38;0,22;2,18;3,22;1,16;0,38;0,81;0,18;0,46;1,12;709,4
05.01.2021 10:15:00;11940;9266;15,37;-2,6;4961;4824;4,36;11,3;0,46;0,31;0,39;29,9;831,26;87,6;4,85;44,73;0,959;0,199;0,051;41,2;113,4;79,6;0,17;0,11;0,56;0,88;0,36;0,17;2,32;3,19;1,16;0,4;0,88;0,25;0,4;1,23;709,6
05.01.2021 10:16:00;11936;9255;15,39;-2,4;4952;4820;4,31;12,46;0,68;0,58;0,41;30,5;831,26;87,6;4,87;44,72;1,164;0,185;0,055;41,2;113,5;79,6;0,17;0,1;0,58;0,87;0,31;0,17;2,64;3,23;1,09;0,35;0,72;0,14;0,46;1,19;709,2
05.01.2021 10:17:00;11935;9255;15,38;-2,5;4943;4819;4,27;12,48;0,52;0,36;0,4;30,7;831,26;87,6;4,82;44,72;1,096;0,192;0,054;41,2;113,5;79,6;0,19;0,1;0,49;0,84;0,32;0,19;2,29;3,23;1,13;0,37;0,75;0,19;0,47;1,18;709
05.01.2021 10:18:00;11940;9259;15,38;-2,4;4943;4819;4,32;13,11;0,58;0,32;0,43;30,5;831,26;87,6;4,85;44,74;0,925;0,207;0,055;41,2;113,5;79,6;0,18;0,1;0,83;0,92;0,37;0,24;2,4;3,21;1,12;0,44;0,83;0,17;0,43;1,06;709,5
05.01.2021 10:19:00;11944;9266;15,38;-2,2;4943;4825;4,47;12,29;0,56;0,37;0,44;30,3;831,26;87,6;4,83;44,8;1,096;0,225;0,051;41,2;113,5;79,6;0,17;0,11;0,56;0,94;0,39;0,14;2,35;3,23;1,17;0,37;0,63;0,2;0,52;1,12;710
05.01.2021 10:20:00;11940;9263;15,4;-2,6;4939;4819;4,38;14,04;0,62;0,2;0,35;30,6;831,26;87,6;4,76;44,8;1,027;0,221;0,053;41,2;113,5;79,7;0,17;0,1;0,47;0,77;0,26;0,29;2,25;3,19;1,1;0,4;0,79;0,22;0,51;1,22;709,5
05.01.2021 10:21:00;11936;9262;15,39;-2,7;4938;4827;4,4;13,19;0,73;0,32;0,43;30,5;831,26;87,6;4,78;44,77;1,096;0,201;0,054;41,2;113,5;79,7;0,18;0,1;0,7;0,85;0,36;0,19;2,5;3,19;1,08;0,35;0,8;0,17;0,77;1,12;709,4
05.01.2021 10:22:00;11944;9269;15,39;-2,1;4953;4826;4,52;13,78;0,56;0,3;0,45;30,5;831,26;87,7;4,82;44,84;1,096;0,225;0,054;41,2;113,5;79,7;0,18;0,11;0,87;0,8;0,29;0,28;2,09;3,22;1,06;0,33;0,84;0,28;0,44;1,15;710,3
05.01.2021 10:23:00;11941;9267;15,39;-2,3;4946;4824;4,45;15,01;0,61;0,4;0,44;30,5;831,26;87,7;4,75;44,84;0,856;0,245;0,049;41,2;113,6;79,7;0,17;0,1;0,69;0,75;0,38;0,26;2,43;3,19;1,17;0,34;0,72;0,17;0,38;1,18;710,2
05.01.2021 10:24:00;11941;9260;15,37;-2,3;4958;4823;4,49;13,26;0,67;0,41;0,45;30,7;831,26;87,6;4,82;44,77;1,336;0,232;0,059;41,2;113,6;79,6;0,18;0,11;0,9;0,83;0,25;0,3;2,47;3,17;1,15;0,36;1,01;0,18;0,46;1,12;709,9
05.01.2021 10:25:00;11940;9259;15,42;-2,6;4941;4824;4,44;13,9;0,54;0,23;0,39;30,7;831,26;87,7;4,76;44,82;0,959;0,199;0,053;41,2;113,4;79,6;0,17;0,1;1,01;0,69;0,31;0,34;2,75;3,2;1,14;0,29;0,78;0,16;0,63;1,23;709,7
05.01.2021 10:26:00;11940;9263;15,37;-2,5;4957;4833;4,4;13,89;0,73;0,37;0,33;30,9;831,26;87,7;4,84;44,87;1,37;0,214;0,058;41,2;113,6;79,6;0,17;0,11;0,57;0,88;0,23;0,23;2,1;3,21;1,13;0,33;0,83;0,26;0,52;1,19;709,6
05.01.2021 10:27:00;11940;9264;15,45;-2,5;4953;4823;4,42;15,41;0,51;0,34;0,42;30,7;831,26;87,7;4,81;44,79;1,164;0,194;0,055;41,2;113,6;79,7;0,18;0,1;0,85;0,95;0,27;0,23;2,54;3,18;1,19;0,34;0,84;0,33;0,41;1,16;709,5
05.01.2021 10:28:00;11942;9266;15,4;-2,6;4959;4824;4,22;15,07;0,82;0,36;0,36;30,5;831,26;87,7;4,85;44,84;1,164;0,244;0,057;41,2;113,5;79,6;0,18;0,11;0,36;0,98;0,36;0,2;2,33;3,19;1,13;0,38;0,81;0,16;0,71;1,18;709,7
05.01.2021 10:29:00;11938;9257;15,36;-2,3;4959;4823;4,31;13,96;0,69;0,31;0,42;30,4;831,26;87,6;4,86;44,79;0,616;0,21;0,05;41,2;113,6;79,7;0,18;0,11;0,52;0,91;0,26;0,24;2,71;3,21;1,08;0,38;0,78;0,31;0,71;1,09;709,6
05.01.2021 10:30:00;11937;9260;15,38;-2,5;4956;4822;4,3;13,93;0,5;0,32;0,38;30,8;831,26;87,6;4,84;44,79;0,582;0,213;0,053;41,2;113,5;79,6;0,17;0,11;0,91;0,84;0,32;0,28;2,14;3,21;1,12;0,3;0,9;0,16;0,45;1,17;709
05.01.2021 10:31:00;11934;9257;15,39;-2,7;4953;4822;4,23;13,67;0,51;0,27;0,41;30,7;831,26;87,6;4,86;44,79;1,027;0,191;0,054;41,2;113,5;79,6;0,17;0,1;0,86;1,08;0,25;0,28;2,29;3,21;1,19;0,42;0,79;0,22;0,49;1,16;708,6
05.01.2021 10:32:00;11936;9260;15,38;-2,4;4954;4820;4,44;13,51;0,57;0,23;0,47;30,2;831,26;87,7;4,78;44,72;0,959;0,219;0,049;41,2;113,5;79,6;0,17;0,11;0,77;0,96;0,32;0,29;2,44;3,19;1,12;0,4;0,71;0,34;0,51;1,1;709,3
05.01.2021 10:33:00;11936;9258;15,35;-2,5;4954;4821;4,21;15,02;0,66;0,28;0,39;30,5;831,26;87,7;4,82;44,71;1,233;0,202;0,056;41,2;113,5;79,7;0,18;0,1;0,67;0,9;0,33;0,25;2,33;3,19;1,2;0,39;0,85;0,28;0,56;1,06;709,4
05.01.2021 10:34:00;11935;9257;15,35;-2,6;4946;4820;4,37;13,68;0,56;0,3;0,43;30,3;831,26;87,7;4,8;44,72;1,164;0,198;0,059;41,2;113,5;79,7;0,18;0,11;0,73;0,9;0,3;0,27;2,27;3,21;1,09;0,39;0,85;0,15;0,59;1,13;708,9
05.01.2021 10:35:00;11945;9265;15,36;-1,9;4938;4825;4,3;16,4;0,6;0,29;0,41;30,7;831,26;87,7;4,82;44,87;1,199;0,238;0,054;41,2;113,7;79,7;0,18;0,1;0,73;1,05;0,27;0,38;2,45;3,19;1,22;0,36;0,92;0,29;0,4;1,17;710,9
05.01.2021 10:36:00;11936;9258;15,39;-2,6;4952;4820;4,46;16,76;0,48;0,43;0,38;30,7;831,26;87,7;4,79;44,72;1,507;0,209;0,052;41,2;113,5;79,7;0,17;0,1;1,12;0,87;0,29;0,25;2,38;3,21;1,17;0,27;0,8;0,21;0,42;1,02;709,2
05.01.2021 10:37:00;11934;9256;15,35;-2,4;4952;4820;4,44;16,23;0,54;0,33;0,35;30,6;831,26;87,8;4,87;44,72;1,027;0,223;0,059;41,2;113,5;79,7;0,17;0,1;0,76;1;0,25;0,24;2,3;3,2;1,14;0,31;0,95;0,3;0,54;1,08;709,3
05.01.2021 10:38:00;11942;9261;15,36;-2,1;4951;4823;4,66;14,96;0,58;0,33;0,39;30,7;831,26;87,8;4,83;44,79;1,37;0,205;0,058;41,2;113,5;79,7;0,17;0,1;1,14;1,15;0,23;0,31;2,64;3,17;1,09;0,39;0,71;0,3;0,92;1,14;710,5
05.01.2021 10:39:00;11939;9261;15,37;-2,6;4957;4821;4,74;16,46;0,84;0,38;0,43;30,9;831,26;87,8;4,79;44,77;0,925;0,232;0,052;41,2;113,7;79,7;0,17;0,1;0,89;1,04;0,25;0,45;2,3;3,21;1,11;0,38;0,86;0,22;0,73;1,02;709,7
05.01.2021 10:40:00;11936;9256;15,38;-2,5;4949;4834;4,76;17,93;0,55;0,29;0,31;30,7;831,26;87,8;4,79;44,92;0,685;0,189;0,048;41,3;113,5;79,7;0,17;0,1;1;0,86;0,24;0,33;2,13;3,19;1,09;0,32;0,67;0,33;0,76;1,08;709,3
05.01.2021 10:41:00;11933;9257;15,4;-2,5;4943;4822;4,77;16,37;0,55;0,29;0,27;30,3;831,26;87,8;4,82;44,72;0,925;0,198;0,057;41,2;113,5;79,6;0,17;0,1;0,99;0,75;0,25;0,27;2,53;3,22;1,1;0,32;0,73;0,27;0,54;1,25;709,1
05.01.2021 10:42:00;11936;9256;15,37;-2,4;4945;4831;4,62;15,76;0,52;0,17;0,34;30,4;831,26;87,8;4,77;44,8;1,027;0,194;0,057;41,2;113,5;79,6;0,19;0,1;0,92;0,92;0,21;0,24;2,1;3,18;1,1;0,35;0,93;0,32;0,57;1,16;709,4
05.01.2021 10:43:00;11934;9256;15,41;-2,5;4944;4826;4,71;17,61;0,83;0,3;0,36;30,6;831,26;87,8;4,78;44,77;1,062;0,205;0,052;41,2;113,5;79,6;0,17;0,1;0,71;0,9;0,33;0,37;1,98;3,21;1,08;0,25;0,71;0,3;0,39;1,05;709
05.01.2021 10:44:00;11952;9270;15,38;-1,9;4956;4822;4,82;21,94;0,47;0,29;0,31;30,5;831,26;87,8;4,84;44,74;1,13;0,213;0,05;41,2;113,5;79,6;0,17;0,1;0,61;0,89;0,22;0,39;2,16;3,21;1,16;0,29;0,9;0,23;0,62;1,05;711,4
05.01.2021 10:45:00;11930;9248;15,37;-2,6;4952;4818;4,66;18,61;0,38;0,3;0,26;30,6;831,26;87,8;4,82;44,71;1,13;0,199;0,06;41,3;113,5;79,6;0,18;0,11;0,9;0,85;0,29;0,27;2,18;3,2;1,2;0,37;0,82;0,24;0,75;1,18;708,7
05.01.2021 10:46:00;11937;9260;15,37;-2,5;4953;4823;4,85;17,24;0,69;0,33;0,42;30,6;831,26;87,8;4,77;44,72;1,199;0,224;0,052;41,3;113,5;79,6;0,17;0,11;0,82;0,9;0,26;0,27;1,73;3,2;1,09;0,33;0,93;0,23;0,94;1,08;709,4
05.01.2021 10:47:00;11942;9259;15,39;-2,2;4952;4824;4,56;21,64;0,55;0,33;0,34;30,7;831,26;87,8;4,79;44,72;1,233;0,213;0,05;41,2;113,6;79,6;0,19;0,11;1;0,74;0,19;0,33;2,11;3,24;1,15;0,32;0,85;0,35;0,85;1,06;710,6
05.01.2021 10:48:00;11943;9263;15,36;-2,1;4958;4819;4,62;19,23;0,55;0,24;0,37;30,6;831,26;87,9;4,88;44,7;1,13;0,232;0,053;41,2;113,5;79,6;0,18;0,11;0,79;0,84;0,26;0,33;2,09;3,21;1,12;0,44;0,69;0,17;0,61;1,03;710,6
05.01.2021 10:49:00;11942;9260;15,38;-2,2;4957;4819;4,76;18,83;0,47;0,29;0,29;31;831,26;87,9;4,81;44,72;0,651;0,207;0,051;41,2;113,5;79,6;0,17;0,1;0,7;0,67;0,28;0,39;2,19;3,21;1,13;0,36;0,76;0,24;0,47;1,03;710,5
05.01.2021 10:50:00;11937;9263;15,36;-2,4;4949;4821;5,05;21,26;0,43;0,22;0,33;30,7;831,26;87,8;4,85;44,72;1,027;0,218;0,054;41,2;113,5;79,6;0,18;0,1;0,7;0,81;0,18;0,3;2,1;3,19;1,2;0,42;0,83;0,27;0,49;1,23;709,6
05.01.2021 10:51:00;11947;9270;15,38;-2,2;4953;4825;4,67;19,35;0,58;0,42;0,27;30,5;830,96;87,9;4,86;44,84;0,89;0,228;0,059;41,2;113,6;79,6;0,18;0,1;0,71;0,92;0,18;0,28;2,48;3,2;1,2;0,43;0,96;0,32;0,95;1,04;710,8
05.01.2021 10:52:00;11934;9256;15,38;-2,5;4950;4820;4,92;21,72;0,66;0,33;0,34;30,9;831,26;87,8;4,83;44,77;0,479;0,218;0,056;41,2;113,7;79,6;0,18;0,1;1,03;0,61;0,3;0,2;2,12;3,2;1,11;0,43;0,78;0,25;0,88;1,08;709,6
05.01.2021 10:53:00;11934;9259;15,39;-2,6;4956;4821;5,12;20,59;0,64;0,3;0,31;30,5;831,26;87,9;4,84;44,77;1,13;0,203;0,054;41,2;113,6;79,6;0,18;0,11;0,93;0,89;0,33;0,44;1,96;3,19;1,14;0,32;0,88;0,32;0,51;1,06;708,6
05.01.2021 10:54:00;11938;9258;15,36;-2,4;4954;4826;4,98;19,61;0,74;0,25;0,35;30,4;831,26;87,9;4,84;44,8;0,514;0,201;0,055;41,2;113,5;79,6;0,17;0,11;0,95;0,92;0,15;0,36;2,13;3,21;1,11;0,34;0,72;0,35;0,99;1,07;709,7
05.01.2021 10:55:00;11938;9259;15,38;-2,4;4955;4823;5,11;23,29;0,66;0,29;0,28;30,3;831,26;87,9;4,84;44,72;1,027;0,229;0,058;41,2;113,5;79,7;0,17;0,1;0,82;0,91;0,17;0,4;2,02;3,22;1,16;0,41;0,65;0,23;0,77;1,13;709,8
05.01.2021 10:56:00;11941;9269;15,39;-2,4;4951;4820;5,29;21,48;0,51;0,2;0,35;30,3;831,26;87,9;4,85;44,77;1,027;0,226;0,05;41,2;113,4;79,7;0,17;0,1;1,37;0,9;0,19;0,38;2,04;3,2;1,14;0,28;0,67;0,39;0,91;0,95;709,9
05.01.2021 10:57:00;11934;9259;15,38;-2,8;4952;4824;5,06;22,85;0,51;0,3;0,36;30,7;831,26;87,9;4,79;44,8;1,062;0,21;0,056;41,2;113,4;79,7;0,18;0,1;1,19;0,67;0,15;0,57;1,99;3,21;1,17;0,41;1,05;0,52;0,43;0,94;709,1
05.01.2021 10:58:00;11940;9267;15,41;-2,6;4953;4828;5,06;21,75;0,49;0,36;0,32;30,7;831,26;87,9;4,82;44,79;0,89;0,236;0,056;41,2;113,5;79,6;0,18;0,11;0,51;0,89;0,14;0,49;1,92;3,18;1,15;0,22;0,78;0,57;0,73;0,99;709,6
05.01.2021 10:59:00;11935;9262;15,39;-2,5;4956;4819;5,12;21,66;0,71;0,27;0,32;30,8;831,26;87,9;4,82;44,72;1,13;0,208;0,055;41,2;113,5;79,6;0,17;0,1;1;0,81;0,19;0,29;1,54;3,21;1,14;0,37;1,05;0,36;0,78;1,09;709
05.01.2021 11:00:00;11943;9267;15,36;-2;4956;4825;5,28;21,9;0,45;0,25;0,26;30,7;831,26;87,9;4,81;44,79;0,89;0,221;0,05;41,2;113,4;79,6;0,17;0,1;1,26;0,83;0,15;0,31;2,07;3,2;1,12;0,38;0,69;0,28;0,67;1,09;710,4
05.01.2021 11:01:00;11936;9262;15,37;-2,2;4955;4828;5;20,9;0,7;0,25;0,4;31;831,26;87,9;4,83;44,79;1,199;0,198;0,051;41,2;113,5;79,6;0,17;0,1;0,97;0,89;0,13;0,42;1,67;3,2;1,12;0,4;1,11;0,38;0,66;0,97;710
05.01.2021 11:02:00;11949;9265;15,37;-1,7;4961;4823;5,24;20,58;0,49;0,39;0,4;30,7;831,26;88;4,87;44,77;1,062;0,201;0,053;41,2;113,5;79,7;0,18;0,11;0,88;1,03;0,13;0,44;1,72;3,22;1,14;0,33;0,97;0,24;0,68;0,83;711,1
05.01.2021 11:03:00;11937;9254;15,38;-2,3;4941;4819;5,12;22,22;0,61;0,32;0,4;31,2;831,26;88;4,83;44,69;0,616;0,248;0,05;41,3;113,5;79,6;0,18;0,1;1,05;0,91;0,15;0,4;1,88;3,2;1,14;0,46;0,82;0,41;0,91;0,98;709,8
05.01.2021 11:04:00;11932;9253;15,39;-2,6;4951;4816;5,28;25,41;0,61;0,34;0,35;30,7;831,26;88;4,93;44,7;1,096;0,221;0,056;41,2;113,5;79,6;0,17;0,11;0,73;0,98;0,18;0,49;2,06;3,22;1,12;0,26;0,69;0,28;0,92;0,96;709
05.01.2021 11:05:00;11930;9255;15,4;-2,7;4946;4814;5,12;22,01;0,61;0,32;0,31;30,7;831,26;87,9;4,88;44,7;0,822;0,205;0,06;41,2;113,5;79,6;0,17;0,1;0,96;1,05;0,16;0,44;1,61;3,21;1,1;0,42;0,65;0,31;0,62;0,96;708,8
05.01.2021 11:06:00;11930;9255;15,4;-2,7;4946;4814;5,12;22,01;0,61;0,32;0,31;30,7;831,26;87,9;4,88;44,7;0,822;0,205;0,06;41,2;113,5;79,6;0,17;0,1;0,96;1,05;0,16;0,44;1,61;3,21;1,1;0,42;0,65;0,31;0,62;0,96;708,8
05.01.2021 11:07:00;11932;9259;15,37;-2,4;4950;4824;4,89;23,07;0,44;0,22;0,28;30,6;831,26;87,9;4,9;44,72;0,959;0,222;0,056;41,2;113,4;79,5;0,18;0,11;1,33;0,95;0,25;0,44;1,53;3,21;1,16;0,31;0,6;0,42;0,64;0,91;709
05.01.2021 11:08:00;11939;9259;15,4;-2,4;4946;4817;4,87;22,87;0,76;0,31;0,37;30,5;831,26;87,9;4,82;44,69;1,062;0,201;0,052;41,2;113,4;79,5;0,17;0,11;1,4;1,21;0,13;0,45;1,73;3,18;1,12;0,41;0,66;0,51;0,97;0,92;710,3
05.01.2021 11:09:00;11939;9258;15,38;-2;4948;4820;4,93;23,82;0,52;0,42;0,27;31,2;831,26;87,9;4,85;44,7;0,411;0,213;0,053;41,2;113,5;79,5;0,17;0,1;1,03;0,94;0,16;0,45;1,65;3,23;1,12;0,23;0,87;0,28;0,73;0,79;710,3
05.01.2021 11:10:00;11935;9255;15,33;-2,3;4947;4823;4,89;23,89;0,72;0,35;0,28;31,6;831,26;87,9;4,78;44,69;1,164;0,2;0,055;41,2;113,5;79,5;0,18;0,1;1,21;0,66;0,2;0,44;1,85;3,19;1,11;0,45;0,59;0,45;0,78;0,92;709,9
05.01.2021 11:11:00;11934;9253;15,36;-2,4;4954;4821;5,37;23,34;0,55;0,4;0,23;31;831,26;88;4,87;44,7;1,678;0,216;0,048;41,2;113,5;79,5;0,19;0,11;0,68;0,73;0,16;0,59;1,51;3,18;1,18;0,37;0,83;0,36;0,76;0,74;709,6
05.01.2021 11:12:00;11933;9260;15,38;-2,5;4952;4825;5,37;21,21;0,6;0,31;0,3;30,9;831,26;87,9;4,88;44,7;1,13;0,217;0,051;41,2;113,3;79,5;0,18;0,1;1,42;0,71;0,21;0,35;1,92;3,19;1,16;0,38;0,84;0,32;1,27;0,77;709,6
05.01.2021 11:13:00;11933;9249;15,39;-2,4;4951;4817;5,31;22,11;0,44;0,42;0,24;30,9;831,26;87,9;4,87;44,7;0,993;0,21;0,059;41,2;113,4;79,5;0,17;0,1;1,05;0,92;0,18;0,35;1,75;3,18;1,08;0,36;0,86;0,44;0,79;0,97;709,4
05.01.2021 11:14:00;11936;9261;15,4;-2,4;4945;4824;5,39;24,57;0,45;0,21;0,25;30,4;831,26;88;4,87;44,77;0,993;0,233;0,052;41,2;113,4;79,5;0,18;0,11;1,45;0,65;0,27;0,56;1,81;3,23;1,08;0,32;0,88;0,33;0,93;0,77;709,9
05.01.2021 11:15:00;11932;9251;15,38;-2,5;4947;4823;5,36;23,25;0,51;0,33;0,34;30,7;831,26;88;4,87;44,65;0,925;0,2;0,059;41,2;113,5;79,5;0,17;0,1;1,48;0,52;0,21;0,53;1,37;3,19;1,09;0,28;0,54;0,5;0,9;0,84;709,6
05.01.2021 11:16:00;11941;9252;15,39;-2,1;4957;4826;5,28;23,94;0,56;0,22;0,25;31;831,26;88;4,84;44,66;1,438;0,201;0,057;41,2;113,5;79,5;0,17;0,11;1,22;0,44;0,22;0,57;1,5;3,21;1,16;0,36;0,66;0,63;0,99;0,64;710,5
05.01.2021 11:17:00;11935;9251;15,33;-2,1;4950;4820;5,27;23,41;0,4;0,35;0,34;30,9;831,26;88;4,82;44,7;1,164;0,215;0,051;41,2;113,5;79,5;0,17;0,1;1,03;0,59;0,15;0,62;1,24;3,21;1,18;0,43;0,78;0,5;0,82;0,73;709,7
05.01.2021 11:18:00;11935;9253;15,36;-2,2;4953;4821;5,27;24,54;0,4;0,33;0,29;31,4;831,26;88,1;4,83;44,69;0,993;0,187;0,06;41,2;113,5;79,6;0,19;0,11;1,59;0,58;0,22;0,44;1,51;3,21;1,17;0,39;0,61;0,49;0,82;0,85;710
05.01.2021 11:19:00;11934;9252;15,38;-2,4;4955;4820;5,16;25,64;0,56;0,27;0,24;31,3;831,26;88;4,83;44,7;1,027;0,209;0,058;41,2;113,5;79,6;0,18;0,1;1,28;0,64;0,23;0,58;1,2;3,18;1,11;0,47;0,59;0,52;1,33;0,87;709,8
05.01.2021 11:20:00;11932;9257;15,37;-2,5;4950;4816;5,6;24,64;0,59;0,34;0,32;31,4;831,26;88,1;4,81;44,7;1,164;0,222;0,056;41,2;113,5;79,7;0,17;0,1;1,13;0,6;0,23;0,86;0,98;3,21;1,1;0,42;0,8;0,41;0,68;0,81;709,5
05.01.2021 11:21:00;11929;9248;15,38;-2,6;4955;4821;5,34;23,67;0,47;0,18;0,18;31,2;831,26;88,1;4,84;44,7;0,719;0,221;0,056;41,3;113,6;79,7;0,18;0,1;1,1;0,72;0,16;0,62;1,14;3,2;1,13;0,41;0,55;0,43;1,34;0,84;708,9
05.01.2021 11:22:00;11930;9251;15,35;-2,6;4947;4820;5,48;24,31;0,61;0,39;0,23;31,2;831,26;88,1;4,87;44,7;1,027;0,212;0,057;41,3;113,5;79,7;0,18;0,1;1,36;1;0,27;0,6;1,46;3,18;1,16;0,49;0,75;0,65;0,86;0,87;709,4
05.01.2021 11:23:00;11937;9258;15,37;-2,1;4953;4822;5,59;22,87;0,49;0,37;0,29;31,5;831,26;88,2;4,85;44,65;1,575;0,206;0,043;41,3;113,5;79,7;0,18;0,11;1,31;0,78;0,26;0,61;1,17;3,19;1,16;0,69;0,82;0,64;1,01;0,76;710,1
05.01.2021 11:24:00;11929;9252;15,38;-2,5;4950;4818;5,43;24,41;0,48;0,33;0,33;31,2;831,26;88,2;4,89;44,7;0,925;0,22;0,053;41,3;113,5;79,7;0,19;0,11;0,95;0,51;0,18;0,7;1,02;3,21;1,13;0,44;0,58;0,4;1,09;0,63;709,2
05.01.2021 11:25:00;11925;9244;15,38;-2,7;4957;4819;5,32;22,93;0,53;0,39;0,22;31,2;831,26;88,2;4,9;44,76;1,37;0,218;0,056;41,3;113,5;79,6;0,18;0,1;1,21;0,63;0,19;0,28;1,14;3,19;1,14;0,55;0,79;0,44;0,57;0,92;709
05.01.2021 11:26:00;11944;9262;15,36;-1,6;4941;4829;5,15;23,63;0,47;0,39;0,3;31,5;831,26;88,2;4,82;44,72;0,411;0,234;0,06;41,3;113,5;79,7;0,18;0,11;1,46;0,65;0,3;0,44;0,98;3,16;1,2;0,5;0,66;0,54;0,98;0,77;711,6
05.01.2021 11:27:00;11934;9254;15,36;-2,1;4959;4817;5,08;25,47;0,4;0,27;0,21;31,6;831,26;88,2;4,85;44,65;0,993;0,201;0,055;41,3;113,5;79,7;0,17;0,1;2,14;0,76;0,24;0,33;1,16;3,21;1,17;0,42;0,79;0,5;0,8;0,72;710,7
05.01.2021 11:28:00;11936;9255;15,36;-2,2;4952;4819;5,33;25,41;0,43;0,28;0,21;31,5;831,26;88,2;4,77;44,7;1,233;0,213;0,057;41,3;113,6;79,6;0,18;0,11;1,65;0,76;0,2;0,51;1,15;3,21;1,15;0,46;0,74;0,48;0,94;0,85;710,7
05.01.2021 11:29:00;11935;9254;15,33;-1,9;4940;4823;5,47;23,11;0,51;0,17;0,2;31,3;831,26;88,2;4,85;44,7;0,959;0,24;0,054;41,3;113,6;79,7;0,18;0,1;2,18;0,56;0,24;0,55;1,23;3,21;1,14;0,39;0,73;0,52;1,14;0,81;711
05.01.2021 11:30:00;11926;9245;15,36;-2,4;4955;4830;5,67;25,01;0,34;0,28;0,26;30,9;831,26;88,2;4,82;44,67;0,925;0,199;0,054;41,3;113,5;79,7;0,18;0,1;2,48;0,81;0,34;0,74;1,08;3,22;1,15;0,39;0,82;0,39;0,9;0,83;709,5
05.01.2021 11:31:00;11927;9251;15,37;-2,5;4953;4814;5,73;24,57;0,4;0,18;0,27;30,7;831,26;88,3;4,8;44,57;1,096;0,208;0,048;41,3;113,5;79,6;0,19;0,1;1,7;0,74;0,31;0,45;0,65;3,2;1,1;0,51;0,81;0,49;0,89;0,73;709,7
05.01.2021 11:32:00;11929;9250;15,38;-2,3;4960;4825;5,58;25,5;0,52;0,22;0,24;31,7;831,26;88,3;4,86;44,65;1,644;0,242;0,056;41,3;113,5;79,6;0,17;0,1;1,62;0,79;0,24;0,31;0,93;3,22;1,19;0,49;1,03;0,4;1,61;0,65;710,2
05.01.2021 11:33:00;11927;9250;15,38;-2,5;4953;4819;5,96;27,01;0,55;0,28;0,26;31;831,26;88,3;4,8;44,64;1,096;0,197;0,056;41,3;113,5;79,6;0,17;0,1;1,08;0,56;0,21;0,68;1,05;3,18;1,17;0,36;0,83;0,45;1,19;0,75;710,4
05.01.2021 11:34:00;11921;9246;15,4;-2,5;4956;4825;6,04;25,37;0,41;0,3;0,22;31,3;831,26;88,3;4,78;44,62;0,822;0,195;0,054;41,3;113,5;79,6;0,18;0,1;1,53;0,64;0,34;0,63;1,09;3,22;1,17;0,47;0,6;0,46;0,95;0,57;709,6
05.01.2021 11:35:00;11922;9239;15,36;-2,6;4955;4820;5,63;25,19;0,7;0,17;0,34;31,2;831,26;88,3;4,9;44,7;0,651;0,228;0,047;41,3;113,5;79,6;0,17;0,1;1,44;0,75;0,26;0,64;1,12;3,2;1,17;0,38;0,71;0,41;1,1;0,78;709,4
05.01.2021 11:36:00;11937;9256;15,37;-1,9;4955;4819;5,47;25,51;0,42;0,37;0,4;31,2;831,26;88,3;4,8;44,7;1,336;0,187;0,047;41,3;113,5;79,7;0,18;0,1;0,9;1,03;0,47;0,43;0,84;3,21;1,18;0,28;0,71;0,55;0,94;0,72;712,2
05.01.2021 11:37:00;11933;9255;15,37;-2,4;4950;4809;5,68;24,02;0,49;0,41;0,38;31,3;831,26;88,3;4,76;44,62;1,062;0,225;0,049;41,3;113,5;79,6;0,18;0,11;2,14;0,61;0,31;0,62;0,77;3,22;1,12;0,17;0,7;0,45;1,22;0,69;710,9
05.01.2021 11:38:00;11928;9254;15,38;-2,6;4957;4821;5,68;24,14;0,53;0,33;0,34;31,4;831,26;88,3;4,81;44,65;0,89;0,237;0,048;41,2;113,5;79,6;0,19;0,1;1,67;0,58;0,4;0,48;1,13;3,19;1,14;0,45;1,03;0,37;0,98;0,85;710,5
05.01.2021 11:39:00;11926;9248;15,36;-2,5;4956;4824;5,76;25,91;0,41;0,24;0,33;31,3;831,26;88,3;4,82;44,7;1,37;0,197;0,051;41,2;113,5;79,6;0,18;0,11;0,92;0,78;0,34;0,59;1,01;3,2;1,11;0,42;0,69;0,46;1,14;0,65;710,3
05.01.2021 11:40:00;11928;9251;15,37;-2,4;4942;4826;5,92;24,4;0,56;0,26;0,41;31,4;831,26;88,3;4,85;44,69;1,096;0,207;0,054;41,3;113,5;79,6;0,18;0,11;1,64;1,07;0,3;0,48;1,08;3,19;1,1;0,33;0,61;0,41;0,88;0,73;710,6
05.01.2021 11:41:00;11931;9249;15,36;-2,4;4953;4822;5,79;27,23;0,38;0,23;0,37;31,2;831,26;88,3;4,84;44,7;1,164;0,205;0,054;41,3;113,5;79,6;0,18;0,1;0,97;0,85;0,31;0,59;0,91;3,21;1,11;0,33;0,73;0,53;1,36;0,62;711,1
05.01.2021 11:42:00;11925;9250;15,4;-2,7;4957;4827;5,83;26,54;0,51;0,31;0,31;31,2;831,26;88,3;4,89;44,67;1,164;0,197;0,058;41,3;113,5;79,6;0,18;0,1;0,98;0,95;0,33;0,49;0,87;3,22;1,2;0,45;0,73;0,48;0,59;0,84;710,1
05.01.2021 11:43:00;11925;9249;15,37;-2,6;4957;4821;5,6;24,93;0,43;0,32;0,4;31,3;831,26;88,3;4,84;44,7;1,096;0,202;0,056;41,3;113,4;79,6;0,18;0,1;0,84;0,93;0,17;0,45;0,99;3,19;1,09;0,36;0,87;0,49;1,01;0,77;710
05.01.2021 11:44:00;11924;9247;15,36;-2,6;4954;4820;5,44;25,14;0,53;0,29;0,37;31,8;831,26;88,2;4,85;44,7;1,027;0,209;0,054;41,3;113,5;79,5;0,18;0,1;1,75;0,98;0,38;0,66;1,08;3,2;1,06;0,41;0,71;0,79;0,74;0,81;710,3
05.01.2021 11:45:00;11924;9244;15,4;-2,8;4953;4821;5,27;26,97;0,54;0,33;0,38;31,2;831,26;88,3;4,89;44,62;1,164;0,214;0,056;41,3;113,4;79,5;0,18;0,1;1,27;0,63;0,29;0,5;1,26;3,22;1,11;0,29;0,68;0,37;0,91;0,54;709,8
05.01.2021 11:46:00;11923;9252;15,39;-2,8;4960;4820;5,29;25,22;0,48;0,26;0,24;31,4;831,26;88,2;4,91;44,64;1,096;0,198;0,06;41,3;113,4;79,5;0,17;0,11;0,71;0,98;0,3;0,55;1,42;3,21;1,08;0,3;0,61;0,44;1,09;0,71;710,2
05.01.2021 11:47:00;11921;9246;15,39;-2,7;4944;4813;5,26;25,44;0,68;0,22;0,24;31,2;831,26;88,2;4,85;44,57;1,37;0,236;0,053;41,3;113,4;79,5;0,18;0,1;1,18;0,7;0,32;0,55;1,01;3,22;1,1;0,47;0,64;0,39;0,64;0,72;710
05.01.2021 11:48:00;11919;9240;15,34;-2,6;4945;4815;5,16;25,41;0,43;0,31;0,38;31,3;831,26;88,2;4,84;44,63;1,13;0,187;0,048;41,3;113,4;79,5;0,17;0,1;1,36;0,69;0,4;0,56;1,12;3,21;1,15;0,22;0,79;0,44;0,88;0,76;710
05.01.2021 11:49:00;11929;9248;15,35;-2,2;4950;4824;5,33;27,69;0,45;0,33;0,26;31,3;831,26;88,3;4,92;44,7;1,164;0,199;0,058;41,3;113,3;79,5;0,18;0,11;1,22;1,01;0,34;0,48;1,14;3,2;1,14;0,35;0,71;0,45;1,04;0,71;711,1
05.01.2021 11:50:00;11928;9237;15,37;-2,1;4944;4818;5,36;24,47;0,36;0,27;0,41;31,3;831,26;88,3;4,83;44,63;0,514;0,193;0,057;41,3;113,4;79,5;0,18;0,1;1,73;1,07;0,24;0,35;1,12;3,2;1,09;0,34;0,67;0,41;1,11;0,61;711,2
05.01.2021 11:51:00;11928;9250;15,36;-2,2;4951;4817;5,24;26;0,69;0,29;0,38;31,7;831,26;88,3;4,79;44,65;0,993;0,194;0,058;41,3;113,3;79,5;0,18;0,1;0,9;0,79;0,38;0,39;1,26;3,19;1,12;0,34;0,67;0,34;0,97;0,69;711
05.01.2021 11:52:00;11925;9246;15,36;-2,5;4947;4823;5,37;28,36;0,44;0,25;0,38;31,3;831,26;88,3;4,79;44,65;0,822;0,231;0,049;41,2;113,5;79,5;0,17;0,11;0,96;0,79;0,31;0,32;1,04;3,21;1,11;0,28;0,43;0,5;1,7;0,74;710,4
05.01.2021 11:53:00;11925;9248;15,36;-2,7;4957;4822;5,33;28,15;0,56;0,33;0,38;30,9;831,26;88,3;4,9;44,62;0,788;0,213;0,055;41,2;113,5;79,5;0,17;0,11;1,45;0,66;0,21;0,65;1,32;3,2;1,2;0,43;0,75;0,41;1,13;0,92;710,3
05.01.2021 11:54:00;11925;9251;15,38;-2,5;4950;4817;5,56;28,37;0,57;0,35;0,24;31,3;831,26;88,3;4,78;44,7;0,856;0,236;0,054;41,2;113,4;79,5;0,17;0,1;1,56;0,49;0,35;0,44;1,1;3,19;1,18;0,35;0,91;0,63;0,96;0,84;710,5
05.01.2021 11:55:00;11920;9242;15,41;-2,7;4946;4818;5,58;26,11;0,39;0,2;0,36;30,8;831,26;88,3;4,86;44,7;1,062;0,212;0,057;41,2;113,4;79,5;0,18;0,1;1,01;0,94;0,35;0,44;0,99;3,19;1,19;0,38;0,86;0,45;0,8;0,73;709,9
05.01.2021 11:56:00;11923;9243;15,35;-2,5;4960;4821;5,38;28,32;0,38;0,36;0,42;31,3;831,26;88,3;4,81;44,68;1,164;0,198;0,061;41,2;113,3;79,4;0,18;0,1;1,1;1,06;0,29;0,59;0,9;3,21;1,19;0,49;0,94;0,77;1,28;0,67;710,3
05.01.2021 11:57:00;11924;9245;15,37;-2,4;4959;4820;5,58;30,02;0,3;0,28;0,45;31,5;831,26;88,3;4,86;44,7;0,856;0,197;0,056;41,2;113,4;79,4;0,17;0,1;1,22;0,85;0,44;0,37;1,26;3,21;1,12;0,4;0,66;0,58;1,23;0,78;711
05.01.2021 11:58:00;11919;9241;15,37;-2,8;4953;4817;5,64;26,05;0,36;0,28;0,39;31,3;831,26;88,3;4,84;44,73;0,616;0,195;0,052;41,2;113,4;79,5;0,17;0,1;1,32;1,14;0,28;0,69;1,08;3,19;1,16;0,37;0,72;0,73;1,24;0,69;710,5
05.01.2021 11:59:00;11919;9244;15,38;-2,7;4951;4813;5,58;24,75;0,51;0,4;0,35;31,2;831,26;88,3;4,79;44,62;1,027;0,218;0,05;41,2;113,4;79,5;0,17;0,11;1,22;0,7;0,43;0,58;0,89;3,2;1,18;0,43;0,67;0,51;0,97;0,84;710,5
05.01.2021 12:00:00;11919;9238;15,38;-2,6;4950;4814;5,78;29,6;0,27;0,3;0,42;30,6;831,26;88,3;4,85;44,67;1,062;0,219;0,053;41,2;113,3;79,5;0,18;0,1;0,76;0,9;0,39;0,38;1,72;3,2;1,1;0,61;0,76;0,66;0,8;1,06;710,4
05.01.2021 12:01:00;11919;9244;15,39;-2,8;4956;4820;5,43;30,55;0,38;0,38;0,42;30,6;831,26;88,3;4,8;44,65;1,13;0,228;0,056;41,2;113,2;79,5;0,17;0,11;1,64;0,75;0,29;0,65;1,4;3,2;1,11;0,3;0,89;0,35;1,81;1,02;710,3
05.01.2021 12:02:00;11917;9240;15,4;-2,8;4953;4822;5,6;26,81;0,62;0,36;0,37;30,7;831,26;88,3;4,82;44,65;1,027;0,195;0,054;41,2;113,3;79,5;0,17;0,11;1,86;0,67;0,38;0,58;1,41;3,2;1,05;0,41;0,76;0,68;0,99;1,12;709,7
05.01.2021 12:03:00;11919;9242;15,4;-2,9;4956;4826;5,81;30,75;0,8;0,32;0,4;30,9;831,26;88,3;4,9;44,67;1,233;0,192;0,055;41,2;113,5;79,4;0,17;0,1;1,52;0,77;0,43;0,59;1,58;3,21;1,16;0,48;0,63;0,38;1;1,09;709,8
05.01.2021 12:04:00;11915;9235;15,36;-2,8;4954;4813;5,64;29,67;0,56;0,32;0,3;30,7;831,26;88,3;4,88;44,57;1,438;0,191;0,052;41,2;113,5;79,4;0,18;0,11;0,98;0,81;0,51;0,41;1,23;3,23;1,12;0,45;0,66;0,57;1,82;0,82;709,9
05.01.2021 12:05:00;11914;9236;15,37;-2,8;4956;4811;5,71;27,82;0,55;0,21;0,29;30,9;831,26;88,3;4,84;44,58;1,404;0,204;0,054;41,2;113,5;79,4;0,17;0,11;1,47;0,86;0,33;0,62;1,22;3,21;1,13;0,32;0,79;0,87;0,88;1,15;709,4
05.01.2021 12:06:00;11913;9238;15,37;-2,8;4950;4813;5,77;31,49;0,53;0,34;0,31;31,3;831,26;88,3;4,82;44,57;0,993;0,209;0,053;41,2;113,3;79,4;0,18;0,1;1,77;0,97;0,34;0,72;1,69;3,21;1,12;0,63;0,76;0,42;1,15;1,1;709,5
05.01.2021 12:07:00;11921;9245;15,39;-2,9;4947;4815;5,79;30,46;0,54;0,31;0,25;31,2;831,26;88,4;4,82;44,63;1,062;0,196;0,052;41,2;113,3;79,4;0,18;0,1;1,82;0,75;0,22;0,49;1,28;3,2;1,14;0,41;1,04;0,37;1,24;0,82;710,2
05.01.2021 12:08:00;11913;9239;15,38;-2,8;4959;4818;5,62;30,89;0,57;0,18;0,35;30,7;831,26;88,4;4,88;44,65;1,096;0,201;0,065;41,2;113,4;79,4;0,17;0,11;1,93;0,65;0,29;0,82;1,16;3,2;1,14;0,38;0,65;0,76;1,17;0,68;710
05.01.2021 12:09:00;11917;9245;15,37;-2,8;4950;4823;5,82;31,7;0,52;0,34;0,29;30,9;831,26;88,5;4,78;44,7;0,959;0,216;0,055;41,2;113,4;79,4;0,17;0,1;1,95;0,79;0,41;0,64;1,08;3,19;1,14;0,59;0,43;0,7;0,83;1,39;710,2
05.01.2021 12:10:00;11919;9237;15,37;-2,8;4949;4815;5,84;31,52;0,47;0,26;0,26;30,1;831,26;88,5;4,87;44,62;1,062;0,206;0,058;41,2;113,5;79,4;0,19;0,1;1,67;0,67;0,6;0,65;1,1;3,2;1,13;0,26;0,7;0,51;1,4;1,1;710,8
05.01.2021 12:11:00;11912;9238;15,4;-2,8;4953;4821;5,79;31,75;0,44;0,32;0,31;30,2;831,26;88,5;4,85;44,65;0,822;0,199;0,046;41,2;113,5;79,4;0,17;0,1;0,76;0,52;0,45;0,79;1,4;3,21;1,13;0,55;0,85;0,72;1,22;1,42;709,7
05.01.2021 12:12:00;11916;9244;15,38;-2,8;4951;4818;5,89;29,75;0,64;0,2;0,39;30,5;831,26;88,6;4,8;44,57;0,89;0,253;0,052;41,2;113,5;79,5;0,17;0,1;1,18;0,64;0,39;0,79;1,48;3,21;1,19;0,48;0,59;0,63;1,58;1,22;709,9
05.01.2021 12:13:00;11913;9236;15,35;-2,8;4944;4813;5,59;31,39;0,63;0,37;0,32;30,5;831,26;88,5;4,83;44,71;1,199;0,242;0,054;41,2;113,4;79,4;0,17;0,11;1,36;0,77;0,43;0,6;1,17;3,18;1,1;0,45;0,7;0,6;1,12;1,29;709,4
05.01.2021 12:14:00;11917;9242;15,37;-2,6;4945;4813;6,04;32,61;0,48;0,29;0,45;30,5;831,26;88,5;4,89;44,62;0,753;0,193;0,049;41,2;113,5;79,4;0,17;0,1;1,7;0,81;0,31;0,58;1,3;3,22;1,1;0,54;0,53;0,49;0,92;0,99;710,5
05.01.2021 12:15:00;11914;9244;15,39;-2,8;4961;4821;5,98;28,52;0,38;0,47;0,39;30,2;831,26;88,5;4,87;44,7;1,336;0,226;0,056;41,2;113,4;79,4;0,17;0,1;1,91;1,03;0,43;0,53;1,64;3,19;1,14;0,46;0,49;0,58;1,37;0,89;710,1
05.01.2021 12:16:00;11910;9238;15,37;-2,9;4958;4820;5,8;27,97;0,46;0,33;0,52;30,1;831,26;88,5;4,9;44,7;0,822;0,208;0,056;41,2;113,5;79,4;0,18;0,11;1,51;0,92;0,51;0,6;1,39;3,19;1,08;0,5;0,7;0,61;0,84;1,01;709,8
05.01.2021 12:17:00;11907;9236;15,35;-2,9;4957;4815;5,69;29,46;0,54;0,31;0,28;29,8;831,26;88,4;4,8;44,62;0,788;0,205;0,053;41,2;113,4;79,4;0,17;0,1;1,43;0,78;0,26;0,73;1,7;3,23;1,14;0,61;0,72;0,43;0,94;1,06;709,5
05.01.2021 12:18:00;11907;9236;15,35;-2,8;4947;4815;5,71;27,78;0,33;0,47;0,24;30,2;831,26;88,3;4,93;44,57;0,856;0,19;0,054;41,2;113,4;79,4;0,17;0,11;1,43;0,93;0,43;0,66;1,12;3,21;1,13;0,37;0,76;0,49;1,86;0,92;709,3
05.01.2021 12:19:00;11908;9237;15,38;-2,8;4947;4815;5,71;27,78;0,33;0,47;0,24;30,2;831,26;88,3;4,93;44,57;0,856;0,19;0,054;41,2;113,4;79,4;0,17;0,11;1,43;0,93;0,43;0,66;1,12;3,21;1,13;0,37;0,76;0,49;1,86;0,92;709,3
05.01.2021 12:20:00;11907;9232;15,39;-2,8;4960;4812;5,95;30,36;0,55;0,32;0,4;29,7;831,26;88,4;4,8;44,63;0,993;0,191;0,049;41,2;113,5;79,4;0,18;0,1;0,92;0,57;0,36;0,82;0,94;3,22;1,14;0,27;0,6;0,5;1,05;0,77;709,9
05.01.2021 12:21:00;11911;9238;15,38;-2,9;4948;4815;6,05;29,71;0,46;0,29;0,29;29,6;831,26;88,3;4,84;44,63;0,993;0,224;0,049;41,2;113,5;79,4;0,17;0,11;1,05;0,79;0,4;0,57;1,21;3,19;1,16;0,4;0,44;0,83;1,11;1,18;709,9
05.01.2021 12:22:00;11910;9235;15,37;-2,9;4961;4814;5,57;30,72;0,72;0,45;0,39;29,4;831,26;88,4;4,9;44,62;1,062;0,226;0,049;41,2;113,4;79,4;0,18;0,1;0,89;0,78;0,5;0,66;0,96;3,21;1,15;0,46;0,85;0,64;1,15;1,13;710
05.01.2021 12:23:00;11906;9233;15,36;-3;4949;4813;5,49;29,32;0,37;0,22;0,32;29,6;831,26;88,3;4,79;44,57;0,856;0,205;0,053;41,2;113,4;79,4;0,17;0,09;1,75;0,64;0,27;0,37;1,07;3,18;1,19;0,35;0,61;0,67;1,13;0,92;709,3
05.01.2021 12:24:00;11909;9232;15,36;-2,9;4959;4821;5,4;31,29;0,52;0,37;0,34;29,7;831,26;88,3;4,89;44,58;0,753;0,195;0,053;41,2;113,4;79,4;0,17;0,1;1,3;0,48;0,33;0,74;1;3,2;1,08;0,41;0,58;0,7;1,26;0,99;709,8
05.01.2021 12:25:00;11913;9241;15,39;-2,9;4959;4817;5,67;26,67;0,72;0,34;0,27;29,6;831,26;88,3;4,91;44,62;1,164;0,213;0,054;41,2;113,3;79,4;0,17;0,1;2,44;0,67;0,33;0,65;1,21;3,2;1,13;0,32;0,64;0,51;1,71;1,05;710,5
05.01.2021 12:26:00;11911;9236;15,38;-2,9;4950;4815;5,61;29,5;0,35;0,44;0,2;29,7;831,26;88,3;4,84;44,63;0,856;0,198;0,054;41,2;113,3;79,4;0,18;0,1;1,57;0,64;0,29;0,77;1,25;3,19;1,16;0,38;0,63;0,49;0,58;1,16;710
05.01.2021 12:27:00;11914;9242;15,4;-3;4955;4818;5,67;27,7;0,58;0,34;0,32;30;831,26;88,3;4,86;44,63;0,616;0,238;0,056;41,2;113,3;79,4;0,17;0,1;2,04;0,9;0,33;0,55;0,94;3,19;1,16;0,5;0,75;0,69;1,41;1;709,9
05.01.2021 12:28:00;11913;9240;15,38;-3;4944;4811;5,64;30,53;0,42;0,36;0,27;30,1;831,26;88,3;4,82;44,57;1,062;0,248;0,051;41,2;113,2;79,4;0,17;0,1;1,4;0,54;0,39;0,72;1,45;3,2;1,15;0,3;0,76;0,6;1,08;1,22;709,9
05.01.2021 12:29:00;11906;9232;15,41;-3;4948;4815;5,41;27,37;0,5;0,19;0,33;30,1;831,26;88,3;4,86;44,57;0,925;0,204;0,053;41,2;113,4;79,3;0,18;0,1;1,75;0,54;0,37;0,65;0,85;3,19;1,13;0,47;0,61;0,47;1,61;0,98;709,7
05.01.2021 12:30:00;11908;9234;15,37;-2,9;4944;4813;5,36;25,73;0,67;0,34;0,49;30,1;831,26;88,3;4,83;44,57;0,479;0,207;0,047;41,2;113,2;79,3;0,17;0,11;1,5;0,89;0,51;0,44;1,21;3,19;1,18;0,28;0,79;0,59;1,24;0,9;709,4
05.01.2021 12:31:00;11907;9234;15,37;-3;4956;4815;5,56;27,02;0,41;0,3;0,26;29,7;831,26;88,3;4,84;44,62;0,959;0,204;0,057;41,2;113,3;79,4;0,18;0,11;2,43;0,64;0,3;0,55;0,89;3,19;1,05;0,28;0,52;0,56;1,69;1,01;709,5
05.01.2021 12:32:00;11912;9242;15,42;-3;4955;4821;5,38;31,29;0,58;0,36;0,3;29,6;831,26;88,3;4,91;44,62;0,856;0,234;0,048;41,2;113,3;79,5;0,17;0,1;1,2;0,65;0,27;0,5;0,95;3,23;1,14;0,27;0,52;0,51;1,18;0,78;709,9
05.01.2021 12:33:00;11906;9233;15,39;-3;4953;4813;5,29;30,56;0,46;0,14;0,33;29,5;831,26;88,3;4,84;44,62;1,062;0,215;0,048;41,2;113,4;79,5;0,18;0,1;1,03;0,77;0,35;0,64;1,16;3,23;1,14;0,26;0,6;0,67;0,91;0,81;709,3
05.01.2021 12:34:00;11906;9233;15,4;-3,1;4953;4825;5,25;28,87;0,7;0,43;0,35;30,1;831,26;88,2;4,92;44,64;0,788;0,242;0,059;41,2;113,5;79,4;0,19;0,1;1,62;0,59;0,19;0,95;0,97;3,22;1,13;0,4;0,69;0,7;0,7;0,97;709,1
05.01.2021 12:35:00;11907;9238;15,41;-3,1;4958;4817;5,56;31,8;0,66;0,36;0,34;30,2;831,26;88,2;4,87;44,63;0,788;0,193;0,052;41,3;113,5;79,5;0,18;0,1;1,04;0,83;0,29;0,79;1,19;3,2;1,13;0,48;0,73;0,61;1,12;0,99;709,1
05.01.2021 12:36:00;11906;9238;15,39;-3,2;4953;4815;5,43;28;0,51;0,26;0,32;29,5;831,26;88,2;4,89;44,58;0,959;0,204;0,058;41,2;113,4;79,5;0,17;0,1;1,75;0,57;0,32;0,51;1,03;3,23;1,17;0,4;0,8;0,43;1,15;0,79;709
05.01.2021 12:37:00;11908;9237;15,36;-3,2;4955;4815;5,75;27,7;0,36;0,45;0,26;29,6;831,26;88,1;4,95;44,62;1,301;0,214;0,058;41,2;113,2;79,5;0,17;0,1;1,11;0,83;0,28;0,51;1,22;3,2;1,14;0,19;0,64;0,52;0,96;0,88;709,6
05.01.2021 12:38:00;11903;9235;15,38;-3,1;4955;4815;5,68;29,77;0,72;0,32;0,3;29,1;831,26;88,2;4,93;44,57;1,233;0,195;0,053;41,2;113,4;79,5;0,18;0,11;1,43;0,96;0,26;0,27;1,21;3,2;1,08;0,4;0,67;1,13;1,28;0,75;709,1
05.01.2021 12:39:00;11906;9238;15,36;-3,1;4946;4813;5,42;27,19;0,48;0,47;0,35;29,5;831,26;88,2;4,88;44,62;0,411;0,202;0,056;41,2;113,2;79,5;0,18;0,11;1,12;0,73;0,33;0,5;1,12;3,18;1,1;0,4;0,58;0,73;0,98;0,84;709,5
05.01.2021 12:40:00;11905;9232;15,4;-3,1;4957;4818;5,46;26,68;0,4;0,31;0,42;29,8;831,26;88,1;4,95;44,63;0,856;0,211;0,051;41,2;113,3;79,4;0,18;0,11;1,55;0,73;0,27;0,7;0,92;3,22;1,21;0,51;0,54;0,73;1,24;1,12;709,4
05.01.2021 12:41:00;11907;9232;15,37;-3,1;4959;4811;5,75;31,31;0,48;0,3;0,25;29,4;831,26;88,1;4,84;44,57;0,856;0,226;0,057;41,2;113,4;79,4;0,17;0,1;1,65;0,68;0,43;0,53;0,97;3,2;1,19;0,31;0,57;0,72;1,36;0,86;709,6
05.01.2021 12:42:00;11905;9235;15,35;-3;4943;4811;5,46;29,06;0,45;0,28;0,2;29,3;831,26;88,2;4,79;44,57;0,753;0,204;0,056;41,2;113,2;79,4;0,17;0,1;1,64;0,71;0,39;0,6;1,33;3,22;1,12;0,38;0,68;0,9;1,26;0,85;709,5
05.01.2021 12:43:00;11904;9231;15,38;-3,1;4953;4814;5,53;28,02;0,48;0,44;0,31;29,7;831,26;88,2;4,9;44,57;0,753;0,213;0,06;41,2;113,2;79,4;0,18;0,1;1,22;0,61;0,39;0,64;0,67;3,2;1,14;0,27;0,57;0,71;1,27;0,7;709,4
05.01.2021 12:44:00;11907;9227;15,36;-3,2;4958;4816;5,43;29,04;0,42;0,39;0,41;29,4;831,26;88,2;4,85;44,58;1,096;0,187;0,054;41,2;113,2;79,4;0,18;0,1;1,33;0,83;0,3;0,38;1,21;3,19;1,17;0,33;0,45;0,65;0,87;1,03;709,6
05.01.2021 12:45:00;11900;9230;15,37;-3,2;4950;4816;5,44;26,96;0,51;0,22;0,38;29,4;831,26;88,2;4,87;44,57;1,062;0,212;0,06;41,2;113,3;79,4;0,18;0,1;1,37;0,44;0,41;0,44;1,18;3,21;1,14;0,29;0,5;0,66;1,07;0,97;709
05.01.2021 12:46:00;11905;9237;15,38;-3,1;4954;4813;5,92;32,25;0,43;0,19;0,44;29,5;831,26;88,2;4,81;44,57;0,925;0,199;0,062;41,2;113,3;79,5;0,18;0,11;1,67;0,43;0,22;0,86;1,04;3,2;1,11;0,35;0,48;1;0,94;0,91;709,6
05.01.2021 12:47:00;11907;9231;15,36;-3;4956;4814;5,69;31,87;0,44;0,25;0,4;29,7;831,26;88,1;4,84;44,57;0,822;0,224;0,06;41,2;113,2;79,4;0,18;0,1;1,78;0,58;0,31;0,65;0,69;3,23;1,14;0,28;0,83;0,49;0,86;0,77;710
05.01.2021 12:48:00;11904;9237;15,34;-3,2;4950;4811;5,29;27,34;0,34;0,27;0,27;29,4;831,26;88,1;4,88;44,57;0,993;0,19;0,051;41,2;113,2;79,4;0,19;0,11;1,52;0,95;0,4;0,63;0,98;3,23;1,14;0,38;0,76;0,56;0,84;1,04;709,5
05.01.2021 12:49:00;11904;9231;15,36;-3,1;4955;4808;5,31;26,97;0,54;0,41;0,4;29,3;831,26;88,1;4,83;44,57;0,719;0,204;0,059;41,2;113,3;79,5;0,18;0,11;1,44;0,86;0,39;0,57;0,67;3,21;1,11;0,43;0,71;0,78;1,99;0,9;709,6
05.01.2021 12:50:00;11902;9237;15,38;-3,2;4952;4810;5,27;29,3;0,52;0,33;0,26;29,6;831,26;88,1;4,87;44,55;1,438;0,193;0,054;41,2;113,3;79,4;0,18;0,1;1,19;0,81;0,3;0,84;0,53;3,2;1,14;0,49;0,78;0,56;1,25;1,07;709,2
05.01.2021 12:51:00;11899;9234;15,37;-3,2;4949;4811;5,25;27,64;0,47;0,29;0,32;29,5;831,26;88;4,93;44,55;0,993;0,233;0,06;41,2;113,3;79,4;0,18;0,1;1,69;1,16;0,38;0,8;0,77;3,21;1,21;0,33;0,82;0,41;0,98;1,1;709
05.01.2021 12:52:00;11902;9230;15,36;-3,1;4953;4816;5,3;27,81;0,46;0,29;0,39;29,1;831,26;88;4,85;44,58;1,199;0,25;0,058;41,2;113,2;79,4;0,17;0,1;1,03;1,17;0,37;0,77;1,04;3,2;1,17;0,37;0,51;0,53;1,19;0,98;709,2
05.01.2021 12:53:00;11905;9231;15,39;-3,2;4941;4823;5,21;27,7;0,68;0,36;0,44;29,4;831,26;88;4,86;44,67;1,062;0,194;0,054;41,2;113,2;79,4;0,18;0,1;1,87;0,95;0,33;0,61;0,68;3,21;1,21;0,41;0,67;0,57;1,36;1,15;709,4
05.01.2021 12:54:00;11903;9229;15,37;-3,2;4956;4808;5,54;31,97;0,51;0,32;0,36;29,1;831,26;88;4,84;44,55;0,753;0,24;0,057;41,2;113,2;79,4;0,17;0,1;2,21;0,68;0,18;0,83;1,18;3,2;1,13;0,42;0,66;0,58;0,95;0,95;709,6
05.01.2021 12:55:00;11905;9236;15,38;-3,2;4954;4810;5,35;27,18;0,42;0,27;0,36;29,1;831,26;88;4,88;44,55;0,993;0,189;0,059;41,2;113,1;79,4;0,18;0,1;1,96;0,71;0,3;0,84;0,96;3,21;1,15;0,31;0,82;0,64;1,26;0,98;709,5
05.01.2021 12:56:00;11902;9228;15,35;-3,2;4955;4809;5,1;27,8;0,59;0,43;0,34;29,2;831,26;87;4,81;44,55;0,514;0,206;0,053;41,2;113,3;79,4;0,17;0,11;1,39;0,6;0,28;1,27;0,67;3,21;1,16;0,39;0,72;0,57;1,36;1,09;709,6
05.01.2021 12:57:00;11904;9227;15,37;-3,2;4961;4813;5,36;25,68;0,46;0,28;0,49;29,3;831,26;86,9;4,87;44,55;0,856;0,223;0,053;41,2;113,1;79,5;0,16;0,1;1,36;1,04;0,25;0,9;0,6;3,2;1,16;0,43;0,57;0,56;1,15;1,3;709,5
05.01.2021 12:58:00;11901;9227;15,36;-3,2;4949;4813;5,16;26,72;0,53;0,22;0,43;29,3;831,26;86,9;4,83;44,55;1,027;0,22;0,057;41,2;113,2;79,5;0,18;0,11;1,07;1,23;0,27;0,37;1,1;3,21;1,15;0,45;0,84;0,56;1,56;1,2;709,3
05.01.2021 12:59:00;11900;9227;15,36;-3,2;4956;4811;5,18;26,09;0,58;0,33;0,42;29,3;831,26;86,9;4,86;44,55;1,164;0,203;0,051;41,2;113,2;79,4;0,18;0,11;1,42;1,24;0,35;0,49;0,68;3,21;1,12;0,33;0,56;0,52;1,18;0,98;709,2
05.01.2021 13:00:00;11902;9233;15,37;-3,3;4951;4815;5,26;30,09;0,65;0,24;0,37;29,4;831,26;86,9;4,86;44,55;1,096;0,242;0,05;41,2;113,3;79,4;0,18;0,1;1,36;1,23;0,36;0,49;1,06;3,15;1,16;0,4;0,59;0,6;1,34;1,12;709,2
05.01.2021 13:01:00;11902;9232;15,39;-3,2;4944;4816;5,27;29,86;0,58;0,55;0,4;29,9;831,26;86,9;4,82;44,58;1,336;0,209;0,057;41,2;113,3;79,4;0,17;0,1;1,48;0,98;0,38;0,61;1,07;3,21;1,15;0,31;0,74;0,44;1,37;0,99;709,3
05.01.2021 13:02:00;11904;9233;15,36;-3,1;4946;4815;5,23;29,4;0,46;0,21;0,28;29,4;831,26;86,9;4,84;44,55;0,856;0,222;0,054;41,2;113,1;79,4;0,18;0,1;1,37;0,98;0,42;0,53;0,91;3,22;1,14;0,35;0,7;0,48;1,53;1,15;709,4
05.01.2021 13:03:00;11900;9223;15,37;-3,2;4944;4812;4,99;28,18;0,67;0,26;0,36;29,4;831,26;86,9;4,91;44,55;1,164;0,221;0,058;41,2;113,4;79,4;0,18;0,1;1,29;0,7;0,28;1,07;1,05;3,21;1,17;0,42;0,6;0,46;1,35;1,17;708,9
05.01.2021 13:04:00;11901;9225;15,35;-3,3;4948;4810;5,01;24,9;0,48;0,26;0,34;29,2;831,26;86,8;4,88;44,55;0,719;0,217;0,056;41,2;113,2;79,4;0,18;0,11;1,3;0,82;0,27;0,74;1,05;3,22;1,16;0,48;0,63;0,45;1,01;0,99;709,3
05.01.2021 13:05:00;11899;9224;15,36;-3,3;4948;4807;5,13;25,4;0,59;0,24;0,53;29,4;831,26;86,8;4,88;44,55;0,822;0,224;0,05;41,2;113,1;79,4;0,17;0,1;1,88;0,55;0,26;0,69;1,18;3,18;1,16;0,26;0,68;0,4;0,63;1,32;709
05.01.2021 13:06:00;11902;9227;15,36;-3,2;4958;4812;4,99;27,08;0,52;0,23;0,47;29,5;831,26;86,8;4,91;44,55;1,164;0,229;0,051;41,2;113,2;79,4;0,18;0,1;1,42;0,98;0,39;0,67;1,11;3,22;1,18;0,47;0,64;0,54;1,18;1,05;709,4
05.01.2021 13:07:00;11896;9223;15,36;-3,3;4959;4813;5,02;29,75;0,37;0,31;0,54;30;831,26;86,8;4,85;44,56;0,959;0,239;0,054;41,2;113,3;79,4;0,18;0,1;1,62;0,66;0,41;1,21;0,82;3,2;1,13;0,42;0,62;0,61;1,18;0,92;708,9
05.01.2021 13:08:00;11899;9226;15,38;-3,3;4949;4811;5,46;28,03;0,76;0,2;0,38;29,9;831,26;86,8;4,88;44,55;0,993;0,223;0,06;41,2;113,3;79,4;0,17;0,11;1,74;0,87;0,35;0,79;0,91;3,21;1,19;0,27;0,47;0,56;1,08;1,13;708,8
05.01.2021 13:09:00;11901;9229;15,35;-3,3;4946;4815;5,06;27,31;0,64;0,29;0,45;29,6;831,26;86,8;4,85;44,55;0,925;0,194;0,051;41,2;113,2;79,4;0,18;0,11;1,54;0,52;0,19;0,63;0,77;3,19;1,12;0,44;0,66;0,65;1,28;1,3;709,5
05.01.2021 13:10:00;11901;9229;15,38;-3,3;4948;4814;5,33;27,64;0,52;0,17;0,4;29,6;831,26;86,8;4,81;44,55;1,062;0,23;0,057;41,2;113,2;79,4;0,16;0,1;1,65;0,54;0,36;0,5;1,03;3,18;1,06;0,39;0,91;0,44;0,84;1,23;709
05.01.2021 13:11:00;11902;9234;15,35;-3,3;4957;4815;5,19;27,39;0,46;0,26;0,4;29,3;831,26;86,8;4,87;44,55;1,027;0,191;0,055;41,2;113,2;79,4;0,19;0,1;0,66;0,67;0,33;0,77;1,57;3,21;1,17;0,22;0,65;0,54;1,12;1,28;709,2
05.01.2021 13:12:00;11894;9219;15,4;-3,3;4958;4809;5,42;27,76;0,44;0,26;0,4;28,8;831,26;86,8;4,9;44,45;0,925;0,197;0,059;41,2;113,1;79,4;0,18;0,1;1,36;0,71;0,25;0,76;1,23;3,2;1,19;0,32;0,86;0,53;1,39;1,16;708,3
05.01.2021 13:13:00;11898;9230;15,4;-3,3;4959;4816;5,64;31,29;0,47;0,21;0,44;29;831,26;86,8;4,88;44,55;1,062;0,212;0,057;41,2;113,2;79,4;0,17;0,1;1,05;0,53;0,38;0,38;1,54;3,22;1,17;0,5;0,51;0,47;1,52;1,23;708,7
05.01.2021 13:14:00;11897;9225;15,38;-3,3;4949;4819;5,27;27,81;0,47;0,27;0,28;29,1;831,26;86,8;4,9;44,55;1,027;0,23;0,055;41,2;113,2;79,4;0,18;0,1;1,44;0,74;0,22;0,6;1,22;3,21;1,15;0,32;0,78;0,69;1,17;0,96;708,8
05.01.2021 13:15:00;11900;9230;15,4;-3,3;4957;4810;5,55;27,83;0,6;0,36;0,35;29,1;831,26;86,8;4,88;44,49;1,507;0,203;0,054;41,2;113,1;79,3;0,18;0,1;1,15;0,69;0,23;0,72;0,95;3,21;1,15;0,32;0,67;0,53;0,99;1,11;709
05.01.2021 13:16:00;11899;9224;15,36;-3,3;4951;4811;5,48;28,18;0,33;0,31;0,34;29,1;831,26;86,8;4,87;44,49;1,027;0,233;0,056;41,2;113,1;79,4;0,18;0,1;1,36;0,55;0,26;0,51;1,43;3,19;1,18;0,34;0,85;0,56;1,17;1,05;708,9
05.01.2021 13:17:00;11901;9229;15,36;-3,3;4949;4797;5,43;28,27;0,39;0,29;0,35;29,2;831,26;86,9;4,85;44,43;1,301;0,192;0,052;41,2;113,1;79,4;0,17;0,11;1,11;1;0,18;0,44;1,12;3,21;1,12;0,44;0,62;0,73;1,11;1,04;709,2
05.01.2021 13:18:00;11898;9229;15,38;-3,3;4947;4810;5,81;31,7;0,51;0,3;0,29;29,7;831,26;86,8;4,85;44,5;1,062;0,231;0,054;41,2;113,2;79,4;0,18;0,1;1;1,13;0,32;0,67;1,17;3,2;1,11;0,33;0,67;0,53;1,39;0,71;708,8
05.01.2021 13:19:00;11895;9233;15,39;-3,3;4948;4819;6,31;31,26;0,45;0,32;0,3;28,9;831,26;87;4,89;44,55;0,959;0,21;0,051;41,2;113,2;79,5;0,18;0,1;2,07;0,8;0,3;0,61;1,18;3,22;1,14;0,29;0,41;0,68;0,99;0,85;708,5
05.01.2021 13:20:00;11900;9227;15,38;-3,3;4950;4818;6,35;33,65;0,36;0,28;0,35;29,6;831,26;87,1;4,87;44,55;0,959;0,216;0,054;41,2;113,2;79,5;0,17;0,1;1,55;0,83;0,41;0,6;1,14;3,18;1,12;0,45;0,64;0,58;1,27;0,82;708,8
05.01.2021 13:21:00;11899;9230;15,38;-3,3;4943;4810;6,96;33,09;0,45;0,25;0,28;29,5;831,26;87,3;4,9;44,55;1,233;0,22;0,05;41,2;113,1;79,4;0,18;0,1;1,38;0,74;0,45;1,07;1,37;3,2;1,2;0,46;0,7;0,64;1,04;0,72;708,5
05.01.2021 13:22:00;11899;9230;15,38;-3,3;4943;4810;6,96;33,09;0,45;0,25;0,28;29,5;831,26;87,3;4,9;44,55;1,233;0,22;0,05;41,2;113,1;79,4;0,18;0,1;1,38;0,74;0,45;1,07;1,37;3,2;1,2;0,46;0,7;0,64;1,04;0,72;708,5
05.01.2021 13:23:00;11901;9229;15,38;-3,4;4945;4810;7,07;34,67;0,55;0,33;0,37;29,1;831,26;87,3;4,92;44,43;0,89;0,218;0,058;41,2;113,1;79,5;0,17;0,1;2,12;0,9;0,29;0,88;1,39;3,2;1,13;0,58;0,74;0,64;0,83;0,63;709
05.01.2021 13:24:00;11897;9223;15,38;-3,3;4942;4810;6,54;34,94;0,26;0,25;0,2;28,8;831,26;87,3;4,92;44,45;1,096;0,197;0,055;41,2;113,1;79,5;0,18;0,1;1,66;0,74;0,25;0,72;1,6;3,23;1,16;0,39;0,61;0,82;1,43;0,71;708,8
05.01.2021 13:25:00;11897;9228;15,38;-3,3;4951;4810;6,58;36,36;0,35;0,3;0,38;29,3;831,26;87,1;4,84;44,45;1,301;0,196;0,057;41,2;113,1;79,5;0,18;0,1;1,48;0,63;0,31;0,68;1,06;3,21;1,16;0,32;0,56;0,63;1,4;0,4;708,9
05.01.2021 13:26:00;11899;9229;15,39;-3,3;4950;4812;7,01;33,86;0,35;0,34;0,27;28,7;831,26;87,3;4,89;44,5;0,959;0,195;0,055;41,2;113,1;79,5;0,17;0,1;1,68;0,77;0,26;0,56;1,41;3,19;1,16;0,59;0,64;0,6;1,93;0,83;709,2
05.01.2021 13:27:00;11893;9226;15,39;-3,4;4932;4812;7,37;36,69;0,34;0,23;0,34;29,3;831,26;87,1;4,88;44,46;1,336;0,203;0,053;41,2;113,2;79,4;0,17;0,1;2,31;0,5;0,3;0,74;0,9;3,23;1,14;0,45;0,74;0,57;1,21;0,77;708,3
05.01.2021 13:28:00;11897;9233;15,38;-3,3;4955;4817;7,4;38,88;0,44;0,25;0,27;28,8;831,26;81,6;4,85;44,55;0,993;0,203;0,06;41,2;113,3;79,5;0,17;0,1;1,6;0,88;0,36;0,68;1,25;3,16;1,12;0,46;0,62;0,76;1,76;0,62;708,9
05.01.2021 13:29:00;11896;9229;15,38;-3,3;4939;4813;6,71;44,68;0,36;0,22;0,35;29,1;831,26;80,1;4,83;44,45;1,164;0,228;0,061;41,2;113,4;79,6;0,19;0,1;2,17;0,86;0,64;0,8;0,87;3,19;1,18;0,42;0,28;0,56;1,46;0,85;708,5
05.01.2021 13:30:00;11898;9234;15,39;-3,3;4955;4819;7,16;34,23;0,24;0,25;0,28;29,1;831,26;80,1;4,82;44,54;0,89;0,216;0,054;41,2;113,2;79,6;0,17;0,1;1,36;0,72;0,43;0,53;0,89;3,17;1,2;0,27;0,81;0,54;1,12;0,66;708,9
05.01.2021 13:31:00;11891;9221;15,35;-3,4;4932;4814;6,15;37,78;0,56;0,22;0,29;29,3;831,26;80,1;4,79;44,57;1,096;0,202;0,052;41,2;113,3;79,7;0,17;0,1;1,63;0,76;0,5;0,67;1;3,18;1,23;0,44;0,56;0,65;1,58;0,65;708
05.01.2021 13:32:00;11891;9220;15,4;-3,3;4955;4814;6,5;37,48;0,3;0,34;0,19;29,3;831,26;80,2;4,84;44,5;0,753;0,237;0,05;41,2;113,2;79,6;0,17;0,1;1,34;1,18;0,33;0,47;0,64;3,16;1,16;0,36;0,63;0,6;1,68;0,75;707,6
05.01.2021 13:33:00;11890;9221;15,35;-3,3;4955;4806;6,89;36,25;0,39;0,3;0,2;29,2;831,26;80,2;4,92;44,48;0,856;0,21;0,058;41,2;113,1;79,7;0,18;0,1;2,26;0,7;0,41;0,73;0,8;3,14;1,15;0,3;0,8;0,81;1,76;0,68;707,7
05.01.2021 13:34:00;11893;9226;15,35;-3,4;4948;4807;5,5;31,22;0,46;0,31;0,28;29,1;831,26;80,1;4,91;44,45;0,856;0,226;0,053;41,2;113,1;79,6;0,17;0,1;1,39;0,75;0,23;0,75;0,88;3,21;1,18;0,29;0,59;0,56;1,41;0,61;708,4
05.01.2021 13:35:00;11887;9224;15,38;-3,5;4947;4805;5,58;27,34;0,65;0,36;0,34;29,3;831,26;80;4,81;44,42;0,993;0,212;0,057;41,2;113;79,6;0,19;0,1;1,26;0,98;0,5;0,38;1,01;3,18;1,12;0,46;0,52;0,7;1,39;0,71;707,6
05.01.2021 13:36:00;11893;9227;15,35;-3;4947;4812;5,66;28,75;0,49;0,28;0,33;29,3;831,26;80,1;4,83;44,55;0,993;0,196;0,06;41,2;113;79,6;0,17;0,1;1,49;1,03;0,48;0,6;0,84;3,17;1,18;0,43;0,54;0,44;1,21;0,86;708,4
05.01.2021 13:37:00;11898;9236;15,37;-3,4;4950;4818;5,48;29,21;0,43;0,3;0,32;29,2;831,26;80;4,84;44,55;0,925;0,231;0,058;41,2;113;79,6;0,18;0,1;1;0,73;0,37;0,38;1,31;3,14;1,18;0,22;0,64;0,63;1,16;0,76;708,7
05.01.2021 13:38:00;11894;9226;15,37;-3,3;4957;4806;5,75;30,55;0,43;0,23;0,24;29,3;831,26;80;4,83;44,45;1,027;0,199;0,051;41,2;113,1;79,7;0,17;0,1;1,38;0,94;0,45;0,65;1,04;3,18;1,12;0,35;0,57;0,38;1,1;0,87;708,4
05.01.2021 13:39:00;11897;9229;15,38;-3,5;4953;4812;5,69;27,5;0,39;0,26;0,25;29,5;831,26;80;4,92;44,5;0,822;0,254;0,058;41,2;113,1;79,6;0,17;0,1;0,89;1,19;0,35;0,31;1,15;3,17;1,17;0,47;0,59;0,57;0,87;0,63;708,6
05.01.2021 13:40:00;11893;9227;15,37;-3,4;4957;4812;5,53;30,94;0,45;0,32;0,34;28,9;831,26;80,1;4,9;44,45;1,164;0,216;0,054;41,2;113,2;79,6;0,17;0,1;2,2;0,7;0,36;0,71;0,72;3,14;1,22;0,33;0,64;0,42;0,8;0,77;707,8
05.01.2021 13:41:00;11895;9227;15,37;-3,4;4948;4805;5,69;27,79;0,62;0,16;0,36;29,1;831,26;80;4,86;44,43;0,788;0,235;0,056;41,2;113,3;79,6;0,17;0,1;1,34;0,98;0,43;0,56;1,07;3,21;1,18;0,3;0,49;0,56;1,1;0,86;708,6
05.01.2021 13:42:00;11896;9233;15,41;-3,4;4945;4808;5,37;27,86;0,34;0,25;0,21;29,4;831,26;80;4,84;44,43;1,13;0,199;0,056;41,2;113,2;79,5;0,17;0,1;1,07;0,77;0,27;0,64;0,84;3,18;1,21;0,26;0,5;0,52;1,39;0,95;708,7
05.01.2021 13:43:00;11887;9217;15,38;-3,5;4957;4812;5,66;29,28;0,62;0,21;0,35;29,4;831,26;80,1;4,88;44,45;0,993;0,253;0,054;41,2;113,1;79,5;0,17;0,1;1,05;0,92;0,46;0,61;1,09;3,15;1,15;0,22;0,46;0,65;1,39;1,22;707,4
05.01.2021 13:44:00;11894;9223;15,37;-3,5;4953;4809;5,68;28,91;0,42;0,28;0,19;29,6;831,26;80,1;4,82;44,5;0,89;0,212;0,06;41,2;113,1;79,5;0,17;0,1;1,72;1,14;0,35;0,74;1,16;3,17;1,16;0,44;0,43;0,76;0,94;1,36;708,2
05.01.2021 13:45:00;11890;9227;15,38;-3,6;4955;4812;5,44;28,98;0,4;0,23;0,25;29,3;831,26;80,1;4,89;44,5;1,233;0,237;0,058;41,2;113;79,5;0,17;0,1;1,41;0,91;0,51;0,65;1,07;3,14;1,15;0,34;0,46;0,56;1,18;1,37;707,9
05.01.2021 13:46:00;11893;9224;15,4;-3,5;4950;4803;5,4;28,22;0,36;0,34;0,24;29,2;831,26;80,2;4,9;44,49;1,164;0,214;0,061;41,2;113,1;79,5;0,18;0,1;1,23;0,5;0,36;0,69;0,92;3,15;1,2;0,34;0,61;0,51;0,84;1,02;708,1
05.01.2021 13:47:00;11894;9229;15,4;-3,6;4947;4809;5,54;26,38;0,49;0,28;0,37;29,4;831,26;80,2;4,88;44,55;0,788;0,228;0,054;41,3;113,1;79,5;0,17;0,1;1,25;0,54;0,51;0,6;0,93;3,14;1,19;0,43;0,64;0,48;1,43;0,86;708,2
05.01.2021 13:48:00;11890;9226;15,35;-3,6;4946;4803;5,05;26,59;0,27;0,35;0,35;29,5;831,26;80,1;4,91;44,47;0,993;0,228;0,057;41,3;113,1;79,5;0,16;0,1;1,08;0,91;0,42;0,42;0,86;3,14;1,16;0,27;0,62;0,6;1,51;1,26;707,5
05.01.2021 13:49:00;11893;9221;15,38;-3,4;4948;4801;5,27;30,01;0,54;0,21;0,2;29,3;831,26;80,2;4,9;44,48;0,89;0,232;0,056;41,3;113;79,5;0,17;0,1;1,45;0,87;0,43;0,52;0,6;3,16;1,15;0,22;0,66;0,5;0,77;1,1;707,9
05.01.2021 13:50:00;11886;9220;15,37;-3,7;4956;4804;5,51;27,05;0,46;0,26;0,27;28,9;831,26;80,2;4,92;44,43;0,89;0,226;0,06;41,3;113,1;79,5;0,17;0,1;2,01;0,64;0,38;0,39;0,81;3,14;1,14;0,28;0,48;0,55;0,92;0,95;707,1
05.01.2021 13:51:00;11888;9218;15,38;-3,7;4947;4799;5,9;31,55;0,35;0,17;0,26;29,5;831,26;80,2;4,93;44,48;0,89;0,197;0,057;41,4;113,1;79,5;0,17;0,1;1,85;0,81;0,4;0,75;1,23;3,16;1,14;0,37;0,5;0,67;2,06;0,96;706,9
05.01.2021 13:52:00;11890;9219;15,38;-3,6;4955;4813;6,13;31,83;0,46;0,23;0,24;29,7;831,26;80,2;4,84;44,5;0,89;0,206;0,057;41,3;113,1;79,6;0,16;0,09;1,48;1,14;0,37;0,77;0,75;3,18;1,22;0,18;0,65;0,49;1,64;1,23;707,4
05.01.2021 13:53:00;11889;9222;15,37;-3,6;4952;4812;5,86;29,84;0,4;0,39;0,31;29,4;831,26;80,3;4,83;44,5;0,822;0,23;0,059;41,4;113,1;79,5;0,17;0,1;1,48;1,1;0,36;0,5;0,76;3,18;1,11;0,27;0,72;0,54;1,94;1,07;707,4
05.01.2021 13:54:00;11890;9225;15,37;-3,7;4957;4808;6,22;32,74;0,55;0,29;0,31;29,3;831,26;80,3;4,89;44,5;0,788;0,238;0,051;41,4;113,1;79,6;0,17;0,1;2,3;0,8;0,29;0,62;0,97;3,18;1,19;0,23;0,56;0,65;1,34;1,04;707,8
05.01.2021 13:55:00;11885;9222;15,36;-3,7;4952;4810;5,86;31,03;0,52;0,31;0,34;29,2;831,26;80,3;4,89;44,45;1,027;0,218;0,058;41,4;113,2;79,6;0,17;0,1;1,36;0,81;0,41;0,62;1,33;3,15;1,13;0,38;0,7;0,66;0,84;1,23;707
05.01.2021 13:56:00;11889;9221;15,36;-3,7;4954;4806;5,88;33,01;0,48;0,26;0,23;29,3;831,26;80,3;4,87;44,47;1,13;0,248;0,056;41,4;113,1;79,5;0,17;0,1;1,69;0,88;0,31;0,58;1,01;3,19;1,11;0,51;0,51;0,68;1,28;1,06;707,6
05.01.2021 13:57:00;11887;9220;15,34;-3,7;4950;4810;6,25;30,62;0,36;0,24;0,36;29,4;831,26;80,3;4,9;44,47;1,473;0,237;0,06;41,4;113,2;79,5;0,17;0,1;1,62;0,73;0,51;0,48;0,65;3,15;1,17;0,28;0,56;0,79;1,4;1,11;707,4
05.01.2021 13:58:00;11887;9218;15,36;-3,8;4946;4810;5,98;31,33;0,5;0,29;0,32;29,3;831,26;80,3;4,86;44,43;0,959;0,241;0,063;41,4;113,1;79,6;0,17;0,1;1,72;0,93;0,51;0,93;0,69;3,2;1,11;0,29;0,52;0,65;1,35;1,12;706,9
05.01.2021 13:59:00;11883;9218;15,35;-3,7;4951;4818;6,1;31,56;0,33;0,31;0,23;29,3;831,26;80,3;4,88;44,55;0,651;0,184;0,052;41,4;113,1;79,6;0,18;0,1;1,21;0,83;0,45;0,59;0,68;3,15;1,16;0,27;0,55;0,54;1,23;1,11;706,9
05.01.2021 14:00:00;11886;9220;15,36;-3,7;4957;4806;6,08;28,89;0,59;0,33;0,29;29,3;831,26;80,2;4,92;44,47;0,719;0,213;0,057;41,4;113,2;79,6;0,17;0,1;1,99;0,74;0,37;0,65;0,57;3,2;1,22;0,41;0,36;0,51;1,25;1,01;706,8
05.01.2021 14:01:00;11886;9217;15,36;-3,7;4957;4807;5,94;27,55;0,51;0,46;0,32;29;831,26;80,2;4,9;44,43;0,993;0,224;0,053;41,5;113;79,6;0,17;0,1;1,64;0,74;0,49;0,4;0,83;3,14;1,15;0,17;0,75;0,6;1,46;1,13;706,8
05.01.2021 14:02:00;11892;9222;15,35;-3,5;4959;4808;5,81;27,89;0,53;0,25;0,34;28,8;831,26;80,3;4,86;44,43;1,096;0,227;0,056;41,4;113,1;79,6;0,17;0,1;1,18;0,93;0,46;0,71;0,97;3,15;1,23;0,28;0,43;0,58;1,5;0,93;708
05.01.2021 14:03:00;11886;9215;15,36;-3,7;4950;4805;5,81;31,67;0,53;0,18;0,17;28,7;831,26;80,3;4,9;44,46;1,199;0,233;0,063;41,4;113,1;79,6;0,17;0,1;1,51;0,93;0,34;0,86;0,66;3,18;1,16;0,21;0,78;0,67;1,41;1,07;707,2
05.01.2021 14:04:00;11885;9214;15,37;-3,7;4951;4805;6,02;31,4;0,51;0,38;0,19;29,3;831,26;80,4;4,97;44,42;0,993;0,239;0,058;41,4;113;79,5;0,18;0,1;2,04;0,79;0,47;0,65;0,74;3,15;1,13;0,36;0,45;0,6;1,05;1,2;707,2
05.01.2021 14:05:00;11884;9219;15,37;-3,8;4947;4807;6,39;30,93;0,62;0,41;0,26;29,1;831,26;80,4;5,01;44,43;0,993;0,21;0,058;41,4;113;79,6;0,17;0,1;1,44;0,72;0,37;0,57;0,76;3,15;1,17;0,34;0,46;0,47;1,3;1,34;706,8
05.01.2021 14:06:00;11885;9220;15,36;-3,8;4949;4807;6,57;34,99;0,4;0,27;0,17;28,8;831,26;80,5;4,91;44,43;0,685;0,25;0,06;41,5;113;79,5;0,18;0,1;1,46;1,19;0,54;0,54;0,73;3,17;1,23;0,34;0,62;0,77;1,25;0,47;706,9
05.01.2021 14:07:00;11883;9221;15,38;-3,7;4958;4813;6,56;30,83;0,49;0,21;0,34;28,7;831,26;80,7;4,88;44,45;0,959;0,201;0,054;41,4;113;79,6;0,18;0,1;1,4;0,97;0,26;0,66;0,93;3,17;1,19;0,28;0,53;0,46;1,25;0,76;707
05.01.2021 14:08:00;11729;8956;14,63;-3,7;4810;4489;5,71;29,06;0,44;0,13;0,19;28,7;831,26;79,7;4,01;41,23;1,096;0,244;0,063;41,4;111,6;78,6;0,17;0,09;1,38;0,89;0,64;0,61;1,36;3,18;1,1;0,25;0,38;0,5;1,4;0,88;686,4
05.01.2021 14:09:00;11622;8797;14,15;-3,7;4712;4275;6,55;25,97;0,38;0,19;0,25;27,9;831,26;79;2,97;39,27;0,582;0,198;0,062;41,4;109,2;77,6;0,16;0,09;2,06;0,92;0,85;0,41;2,07;3,17;1,14;0,35;0,74;0,35;1,19;0,78;671,4
05.01.2021 14:10:00;11526;8647;13,62;-3,7;4603;4067;6,32;27,33;0,26;0,12;0,25;28,3;831,26;78,2;3,08;37,47;0,993;0,21;0,063;41,4;106,8;76,6;0,14;0,08;1,93;1,11;0,62;0,54;0,62;3,17;1,15;0,33;0,75;0,41;0,9;1,08;658,7
05.01.2021 14:11:00;11517;8637;13,57;-3,7;4600;4061;6,87;27,94;0,25;0,21;0,27;28,1;831,26;77,8;3,16;37,46;0,582;0,206;0,065;41,4;104,6;76;0,14;0,07;1,51;0,82;0,61;0,55;0,64;3,2;1,12;0,32;0,76;0,86;0,98;0,81;657,9
05.01.2021 14:12:00;11515;8635;13,58;-3,7;4598;4074;7,16;29,54;0,28;0,21;0,25;28,2;831,26;77,5;3,14;37,47;1,13;0,195;0,068;41,4;103,1;75,6;0,14;0,08;1,92;0,76;0,52;0,56;0,96;3,18;1,12;0,4;0,65;0,68;1,18;0,86;657,6
05.01.2021 14:13:00;11515;8634;13,58;-3,7;4605;4067;8,05;31,3;0,24;0,23;0,18;28,4;831,26;77,4;3,12;37,47;1,233;0,212;0,056;41,4;102,5;75,3;0,14;0,08;1,11;0,9;0,41;0,55;1,05;3,17;1,13;0,36;0,64;0,48;1,49;0,86;657,8
05.01.2021 14:14:00;11512;8635;13,61;-3,7;4588;4066;7,63;29,25;0,27;0,21;0,15;28,3;831,26;77,4;3,08;37,54;1,062;0,196;0,057;41,4;102,1;75,1;0,14;0,08;1,36;0,87;0,6;0,44;1,03;3,19;1,15;0,36;0,7;0,45;1,3;1,02;657,9
05.01.2021 14:15:00;11511;8632;13,58;-3,7;4597;4066;7,13;33,94;0,23;0,15;0,26;28,4;831,26;77,4;3,11;37,66;0,993;0,224;0,065;41,4;101,6;74,9;0,15;0,08;1,44;0,78;0,65;0,78;1,13;3,18;1,13;0,38;0,54;0,85;1,01;0,91;657,7
05.01.2021 14:16:00;11510;8634;13,59;-3,7;4598;4067;7,12;29,51;0,43;0,14;0,23;28,4;831,26;77,3;3,04;37,69;1,233;0,238;0,057;41,4;101,5;74,7;0,14;0,07;1,62;0,83;0,59;0,56;1,02;3,17;1,16;0,48;0,69;0,89;1,63;1,14;657,9
05.01.2021 14:17:00;11510;8629;13,56;-3,8;4592;4061;7,47;33,62;0,29;0,13;0,19;27,9;831,26;77,4;3,06;37,69;1,164;0,195;0,054;41,4;101,3;74,6;0,14;0,08;1,39;0,68;0,67;0,83;0,63;3,16;1,08;0,42;0,72;0,57;1,41;0,72;657,3
05.01.2021 14:18:00;11504;8629;13,58;-3,8;4598;4067;7,52;30,66;0,21;0,16;0,3;27,5;831,26;77,3;3,08;37,81;0,89;0,207;0,058;41,4;101,3;74,6;0,15;0,08;1,02;0,74;0,6;0,73;0,76;3,19;1,12;0,35;0,72;0,57;1,45;0,59;657,4
05.01.2021 14:19:00;11507;8622;13,55;-3,8;4588;4068;7,4;29,64;0,26;0,24;0,23;27,2;831,26;77,3;3,07;37,84;1,062;0,236;0,059;41,4;101;74,5;0,15;0,08;1,28;0,71;0,59;0,83;0,81;3,18;1,15;0,45;0,79;0,77;1,41;0,97;657,7
05.01.2021 14:20:00;11521;8651;13,62;-3,9;4606;4101;6,53;29,06;0,3;0,19;0,22;26,8;831,26;77,3;3,07;37,44;0,959;0,201;0,066;41,3;101,2;74,6;0,15;0,08;1,39;0,44;0,68;0,84;1,65;3,19;1,14;0,54;0,65;0,73;1,99;1,03;659,6
05.01.2021 14:21:00;11521;8651;13,62;-3,9;4606;4101;6,53;29,06;0,3;0,19;0,22;26,8;831,26;77,3;3,07;37,44;0,959;0,201;0,066;41,3;101,2;74,6;0,15;0,08;1,39;0,44;0,68;0,84;1,65;3,19;1,14;0,54;0,65;0,73;1,99;1,03;659,6
05.01.2021 14:22:00;11515;8647;13,6;-4;4609;4101;6,67;29,6;0,23;0,15;0,2;26,7;831,26;77,2;3,13;37,24;1,164;0,215;0,058;41,4;101,1;74,6;0,15;0,08;2,89;0,58;0,54;0,68;1,2;3,18;1,19;0,52;0,63;0,73;1,62;0,98;658,6
05.01.2021 14:23:00;11531;8537;13,48;-3,9;4522;3989;7,17;15,05;0,14;0,21;0,38;27,4;831,26;84,9;3,16;36,66;0,959;0,21;0,065;41,3;100,7;74,8;0,14;0,07;0,25;1,08;0,3;0,1;12,18;3,15;1,11;0,4;1,16;0,07;0,26;1,54;664,3
05.01.2021 14:24:00;1599;8537;0,15;-2,9;197;184;0,63;1,75;0,03;0,03;0,16;34,1;822,2;70,1;3,16;0,05;0,205;0,086;0,008;41,3;106,6;79;0,03;0;0,25;0,18;0,3;0,12;12,18;0,15;0,27;0,98;0,03;0,04;0,03;1,54;225
05.01.2021 14:25:00;1600;8537;0,15;-2,9;197;184;0,63;1,75;0,03;0,03;0,16;34,1;822,2;70,1;3,16;0,05;0,205;0,086;0,008;41,3;106,6;79;0,03;0;0,25;1,18;0,3;1,12;12,18;0,15;0,27;0,98;0,03;0,04;0,03;1,54;226
05.01.2021 14:26:00;1601;8537;0,15;-2,9;197;184;0,63;1,75;0,03;0,03;0,16;34,1;822,2;70,1;3,16;0,05;0,205;0,086;0,008;41,3;106,6;79;0,03;0;0,25;2,18;0,3;2,12;12,18;0,15;0,27;0,98;0,03;0,04;0,03;1,54;227